-- MySQL dump 10.13  Distrib 5.1.73, for redhat-linux-gnu (x86_64)
--
-- Host: localhost    Database: photohome_development
-- ------------------------------------------------------
-- Server version	5.1.73

/*!40101 SET @OLD_CHARACTER_SET_CLIENT=@@CHARACTER_SET_CLIENT */;
/*!40101 SET @OLD_CHARACTER_SET_RESULTS=@@CHARACTER_SET_RESULTS */;
/*!40101 SET @OLD_COLLATION_CONNECTION=@@COLLATION_CONNECTION */;
/*!40101 SET NAMES utf8 */;
/*!40103 SET @OLD_TIME_ZONE=@@TIME_ZONE */;
/*!40103 SET TIME_ZONE='+00:00' */;
/*!40014 SET @OLD_UNIQUE_CHECKS=@@UNIQUE_CHECKS, UNIQUE_CHECKS=0 */;
/*!40014 SET @OLD_FOREIGN_KEY_CHECKS=@@FOREIGN_KEY_CHECKS, FOREIGN_KEY_CHECKS=0 */;
/*!40101 SET @OLD_SQL_MODE=@@SQL_MODE, SQL_MODE='NO_AUTO_VALUE_ON_ZERO' */;
/*!40111 SET @OLD_SQL_NOTES=@@SQL_NOTES, SQL_NOTES=0 */;

--
-- Table structure for table `admin_age_policies`
--

DROP TABLE IF EXISTS `admin_age_policies`;
/*!40101 SET @saved_cs_client     = @@character_set_client */;
/*!40101 SET character_set_client = utf8 */;
CREATE TABLE `admin_age_policies` (
  `id` int(11) NOT NULL AUTO_INCREMENT,
  `age` int(11) DEFAULT NULL,
  `created_at` datetime DEFAULT NULL,
  `updated_at` datetime DEFAULT NULL,
  PRIMARY KEY (`id`)
) ENGINE=InnoDB AUTO_INCREMENT=8 DEFAULT CHARSET=utf8;
/*!40101 SET character_set_client = @saved_cs_client */;

--
-- Dumping data for table `admin_age_policies`
--

LOCK TABLES `admin_age_policies` WRITE;
/*!40000 ALTER TABLE `admin_age_policies` DISABLE KEYS */;
INSERT INTO `admin_age_policies` VALUES (3,0,'2014-04-20 16:13:37','2014-05-12 07:22:14'),(4,6,'2014-04-21 09:22:12','2014-05-12 07:22:20'),(5,12,'2014-04-28 08:15:37','2014-05-12 07:22:26'),(6,16,'2014-04-28 08:15:54','2014-05-12 07:22:31'),(7,18,'2014-04-28 08:16:01','2014-05-12 07:22:38');
/*!40000 ALTER TABLE `admin_age_policies` ENABLE KEYS */;
UNLOCK TABLES;

--
-- Table structure for table `admin_albums`
--

DROP TABLE IF EXISTS `admin_albums`;
/*!40101 SET @saved_cs_client     = @@character_set_client */;
/*!40101 SET character_set_client = utf8 */;
CREATE TABLE `admin_albums` (
  `id` int(11) NOT NULL AUTO_INCREMENT,
  `title` varchar(255) DEFAULT NULL,
  `created_at` datetime DEFAULT NULL,
  `updated_at` datetime DEFAULT NULL,
  `description` text,
  PRIMARY KEY (`id`)
) ENGINE=InnoDB AUTO_INCREMENT=8 DEFAULT CHARSET=utf8;
/*!40101 SET character_set_client = @saved_cs_client */;

--
-- Dumping data for table `admin_albums`
--

LOCK TABLES `admin_albums` WRITE;
/*!40000 ALTER TABLE `admin_albums` DISABLE KEYS */;
INSERT INTO `admin_albums` VALUES (5,'Тобольск туристический.','2014-06-30 07:19:14','2014-08-01 06:48:28','<p>\r\n	 Тобольск. Всего два столетия назад это был третий по значению город России после Москвы и Санкт-Петербурга. Столица Сибири, распространявшая имперское влияние на огромные территории от Урала до Тихого океана, сравнимые по площади с Америкой. Место ссылки политических узников и духовный культурный центр, город, ставший одним из последних пристанищ семьи российского императора Николая II. Тобольский Кремль — в списке самых значимых памятников России.\r\n</p>\r\n<p>\r\n	 Тем более странное, порой сюрреалистическое, но неизменно тяжелое впечатление оставляет историческая часть города Тобольска или как её называют местные — Нижний Город или Подгора.\r\n</p>\r\n<p>\r\n	 Местами его улицы напоминают декорации к фильмам про пост-Апокалипсис. Руины — самая заметная туристическая достопримечательность. Жить в Нижнем Городе у местных считается непрестижным, даже опасным — ходить там в одиночку в темное время суток не рекомендуется. Потому современный комплекс, отстроенный на месте снесенных исторических зданий, за несколько лет заселен лишь на половину.\r\n</p>\r\n<p>\r\n	 Невольно возникает диссонанс — старинный красивый городок, с богатейшей и славной историей, туристический центр Сибири и неустроенность, вопиющая нищета, трущобы. Не сходится... Неведомы и непонятны причины, которые привели к аксиоме: если от старинного дома остались только стены, да и те вот-вот рухнут, значит на нем обязательно висит табличка «Памятник архитектуры. Охраняется государством».\r\n</p>'),(6,'Экологическая экспедиция на остров Белый, сезон 2013.','2014-06-30 17:22:37','2014-07-30 06:43:35','<p>\r\n	Что такое остров Белый?\r\n</p>\r\n<p>\r\n	Географически это остров, отделяемый небольшим проливом от полуострова Ямал, где-то на полпути от Тюмени до северного полюса. Это глубокая Арктика. Это девять месяцев зимы, две недели весны и лета, и целых два месяца белоночного полярного лета. Но лето т специфическое – в резиновых сапогах и почти всегда в штормовке от ветра и дождя.\r\n</p>\r\n<p>\r\n	Белый – священное место для народа ненцы. По их преданиях, на острове живёт верховное божество и дух Ямала Сэр Ири, Белый Дед. Ненцы не любят, когда на священной территории находятся посторонние – но в глаза этого никто не скажет. На белый нельзя приезжать женщинам, так как Сэр Ири дух-мужчина. А когда переплываешь или перелетаешь пролив Малыгина надо надеть шапку наоборот или натянуть на глаза капюшон, чтобы Белый Дед не сглазил… Жить на острове по обычаям ненцы нельзя, можно лишь посещать жертвенники.\r\n</p>\r\n<p>\r\n	На острове метеостанция, где постоянно живут три человека. А вокруг развалины военного городка и некогда большой метеостанции, горы металла, стекла, техники, бочек. Эти руины очень медленно распадаются и продолжают отравлять хрупкое природное равновесие острова. Люди ушли с Белого в девяностых, оставив после себя большую помойку. Экологическая экспедиция, которой в 2014 году исполняется третий год, призвана «помыть» Белый, освободив его от наследия 20-го века. Это сложно. Это тяжело и затратно. Но делать это надо.\r\n</p>\r\n<p>\r\n	Летом на острове остаётся много белых медведей, сколько точно никто не считал, это ещё только предстоит сделать. Медведи как люди, есть скромные, есть наглые, есть красивые, есть замарахи. Непонятно кому с кем опасней находиться рядом – человеку или медведю…  Но медведи от руки человека гибнут чаще, чем люди по вине медведя.\r\n</p>\r\n<p>\r\n	Что будет на Белом, когда его уберут?! С 2014 года на Белом уже работают учёные. Говорят, там будет постоянно действующий научный центр по изучению экосистемы Арктики. Но там есть и газ, и нефть, так что соблазны велики…\r\n</p>'),(7,'Коммунистическая улица. ','2014-07-27 02:45:57','2014-08-04 01:51:42','');
/*!40000 ALTER TABLE `admin_albums` ENABLE KEYS */;
UNLOCK TABLES;

--
-- Table structure for table `admin_articles`
--

DROP TABLE IF EXISTS `admin_articles`;
/*!40101 SET @saved_cs_client     = @@character_set_client */;
/*!40101 SET character_set_client = utf8 */;
CREATE TABLE `admin_articles` (
  `id` int(11) NOT NULL AUTO_INCREMENT,
  `title` varchar(255) DEFAULT NULL,
  `content` text,
  `digest` text,
  `created_at` datetime DEFAULT NULL,
  `updated_at` datetime DEFAULT NULL,
  PRIMARY KEY (`id`)
) ENGINE=InnoDB DEFAULT CHARSET=utf8;
/*!40101 SET character_set_client = @saved_cs_client */;

--
-- Dumping data for table `admin_articles`
--

LOCK TABLES `admin_articles` WRITE;
/*!40000 ALTER TABLE `admin_articles` DISABLE KEYS */;
/*!40000 ALTER TABLE `admin_articles` ENABLE KEYS */;
UNLOCK TABLES;

--
-- Table structure for table `admin_banner_placements`
--

DROP TABLE IF EXISTS `admin_banner_placements`;
/*!40101 SET @saved_cs_client     = @@character_set_client */;
/*!40101 SET character_set_client = utf8 */;
CREATE TABLE `admin_banner_placements` (
  `id` int(11) NOT NULL AUTO_INCREMENT,
  `banner_id` int(11) DEFAULT NULL,
  `place_id` int(11) DEFAULT NULL,
  `start_date` date DEFAULT NULL,
  `end_date` date DEFAULT NULL,
  `created_at` datetime DEFAULT NULL,
  `updated_at` datetime DEFAULT NULL,
  `active` tinyint(1) DEFAULT NULL,
  PRIMARY KEY (`id`)
) ENGINE=InnoDB DEFAULT CHARSET=utf8;
/*!40101 SET character_set_client = @saved_cs_client */;

--
-- Dumping data for table `admin_banner_placements`
--

LOCK TABLES `admin_banner_placements` WRITE;
/*!40000 ALTER TABLE `admin_banner_placements` DISABLE KEYS */;
/*!40000 ALTER TABLE `admin_banner_placements` ENABLE KEYS */;
UNLOCK TABLES;

--
-- Table structure for table `admin_banners`
--

DROP TABLE IF EXISTS `admin_banners`;
/*!40101 SET @saved_cs_client     = @@character_set_client */;
/*!40101 SET character_set_client = utf8 */;
CREATE TABLE `admin_banners` (
  `id` int(11) NOT NULL AUTO_INCREMENT,
  `image` varchar(255) DEFAULT NULL,
  `link` varchar(255) DEFAULT NULL,
  `created_at` datetime DEFAULT NULL,
  `updated_at` datetime DEFAULT NULL,
  `title` varchar(255) DEFAULT NULL,
  PRIMARY KEY (`id`)
) ENGINE=InnoDB DEFAULT CHARSET=utf8;
/*!40101 SET character_set_client = @saved_cs_client */;

--
-- Dumping data for table `admin_banners`
--

LOCK TABLES `admin_banners` WRITE;
/*!40000 ALTER TABLE `admin_banners` DISABLE KEYS */;
/*!40000 ALTER TABLE `admin_banners` ENABLE KEYS */;
UNLOCK TABLES;

--
-- Table structure for table `admin_competition_request_responses`
--

DROP TABLE IF EXISTS `admin_competition_request_responses`;
/*!40101 SET @saved_cs_client     = @@character_set_client */;
/*!40101 SET character_set_client = utf8 */;
CREATE TABLE `admin_competition_request_responses` (
  `id` int(11) NOT NULL AUTO_INCREMENT,
  `response_id` int(11) DEFAULT NULL,
  `created_at` datetime DEFAULT NULL,
  `updated_at` datetime DEFAULT NULL,
  `competition_request_id` int(11) DEFAULT NULL,
  PRIMARY KEY (`id`)
) ENGINE=InnoDB DEFAULT CHARSET=utf8;
/*!40101 SET character_set_client = @saved_cs_client */;

--
-- Dumping data for table `admin_competition_request_responses`
--

LOCK TABLES `admin_competition_request_responses` WRITE;
/*!40000 ALTER TABLE `admin_competition_request_responses` DISABLE KEYS */;
/*!40000 ALTER TABLE `admin_competition_request_responses` ENABLE KEYS */;
UNLOCK TABLES;

--
-- Table structure for table `admin_juries`
--

DROP TABLE IF EXISTS `admin_juries`;
/*!40101 SET @saved_cs_client     = @@character_set_client */;
/*!40101 SET character_set_client = utf8 */;
CREATE TABLE `admin_juries` (
  `id` int(11) NOT NULL AUTO_INCREMENT,
  `competition_id` int(11) DEFAULT NULL,
  `user_id` int(11) DEFAULT NULL,
  `created_at` datetime DEFAULT NULL,
  `updated_at` datetime DEFAULT NULL,
  PRIMARY KEY (`id`)
) ENGINE=InnoDB AUTO_INCREMENT=25 DEFAULT CHARSET=utf8;
/*!40101 SET character_set_client = @saved_cs_client */;

--
-- Dumping data for table `admin_juries`
--

LOCK TABLES `admin_juries` WRITE;
/*!40000 ALTER TABLE `admin_juries` DISABLE KEYS */;
INSERT INTO `admin_juries` VALUES (1,1,6,'2014-05-13 02:35:16','2014-05-13 02:35:16'),(3,1,20,'2014-10-12 12:24:22','2014-10-12 12:24:22'),(4,1,23,'2014-10-12 12:24:22','2014-10-12 12:24:22'),(5,2,6,'2014-10-12 12:44:43','2014-10-12 12:44:43'),(6,2,1,'2014-10-12 12:44:43','2014-10-12 12:44:43'),(7,1,1,'2014-10-13 03:51:24','2014-10-13 03:51:24'),(13,6,20,'2014-10-14 17:35:41','2014-10-14 17:35:41'),(14,6,6,'2014-10-14 17:35:41','2014-10-14 17:35:41'),(15,6,23,'2014-10-14 17:35:41','2014-10-14 17:35:41'),(16,6,1,'2014-10-14 17:36:52','2014-10-14 17:36:52'),(18,7,20,'2014-10-24 02:44:50','2014-10-24 02:44:50'),(19,7,6,'2014-10-24 02:44:50','2014-10-24 02:44:50'),(20,7,15,'2014-10-24 02:44:50','2014-10-24 02:44:50'),(21,7,73,'2014-10-28 04:09:53','2014-10-28 04:09:53'),(22,7,102,'2014-11-17 11:04:05','2014-11-17 11:04:05'),(23,7,104,'2014-11-18 15:04:59','2014-11-18 15:04:59'),(24,7,106,'2014-11-19 12:29:30','2014-11-19 12:29:30');
/*!40000 ALTER TABLE `admin_juries` ENABLE KEYS */;
UNLOCK TABLES;

--
-- Table structure for table `admin_nominations`
--

DROP TABLE IF EXISTS `admin_nominations`;
/*!40101 SET @saved_cs_client     = @@character_set_client */;
/*!40101 SET character_set_client = utf8 */;
CREATE TABLE `admin_nominations` (
  `id` int(11) NOT NULL AUTO_INCREMENT,
  `title` varchar(255) DEFAULT NULL,
  `description` text,
  `created_at` datetime DEFAULT NULL,
  `updated_at` datetime DEFAULT NULL,
  `competition_id` int(11) DEFAULT NULL,
  `max_photo_count` int(11) DEFAULT NULL,
  PRIMARY KEY (`id`)
) ENGINE=InnoDB AUTO_INCREMENT=17 DEFAULT CHARSET=utf8;
/*!40101 SET character_set_client = @saved_cs_client */;

--
-- Dumping data for table `admin_nominations`
--

LOCK TABLES `admin_nominations` WRITE;
/*!40000 ALTER TABLE `admin_nominations` DISABLE KEYS */;
INSERT INTO `admin_nominations` VALUES (1,'Городской пейзаж','В номинацию принимаются одиночные работы снятые в урбанистических ландшафтах.','2014-05-13 02:35:40','2014-10-12 12:34:10',1,2),(2,'Природный пейзаж','В эту номинацию принимаются одиночные работы с только природными ландшафтами.','2014-10-12 12:35:28','2014-10-12 12:35:56',1,2),(3,'Тест1','111111','2014-10-12 12:45:31','2014-10-12 12:45:31',2,2),(4,'Тест 2','22222','2014-10-12 12:47:52','2014-10-12 12:47:52',2,2),(9,'Городской пейзаж','','2014-10-14 17:37:31','2014-10-14 17:37:31',6,3),(10,'Природный пейзаж','','2014-10-14 17:37:48','2014-10-14 17:37:48',6,3),(11,'Free theme – black&white digital photography (A)','Свободная тема (черно-белая фотография); цифра (A)','2014-10-25 11:25:18','2014-10-25 11:25:18',7,4),(12,'Free theme – color digital photography (B)','Свободная тема (цветная фотография); цифра (B)','2014-10-25 11:35:22','2014-10-25 11:35:22',7,4),(13,'My favorite city. Views of the cities. – black&white digital photography (C)','Мой любимый город. Виды городов. Приз им. К.Н. Высоцкого (черно-белая фотография); цифра (C)','2014-10-25 11:36:25','2014-10-25 11:36:25',7,4),(14,'My favorite city. Views of the cities. – color digital photography (D)','Мой любимый город. Виды городов. Приз им. К.Н. Высоцкого (цветная фотография); цифра (D)','2014-10-25 11:37:01','2014-10-25 11:37:01',7,4),(15,'Free theme classic analog photography. Prints (F)','Классическая фотография на свободную тему. Приз им. Д. И. Менделеева (черно-белая фотография); бумага (F)','2014-10-25 11:38:01','2014-10-25 11:38:01',7,4),(16,'1','2','2014-11-20 01:21:58','2014-11-20 01:21:58',8,3);
/*!40000 ALTER TABLE `admin_nominations` ENABLE KEYS */;
UNLOCK TABLES;

--
-- Table structure for table `admin_settings`
--

DROP TABLE IF EXISTS `admin_settings`;
/*!40101 SET @saved_cs_client     = @@character_set_client */;
/*!40101 SET character_set_client = utf8 */;
CREATE TABLE `admin_settings` (
  `id` int(11) NOT NULL AUTO_INCREMENT,
  `album_id` int(11) DEFAULT NULL,
  `novelty_id` int(11) DEFAULT NULL,
  `created_at` datetime DEFAULT NULL,
  `updated_at` datetime DEFAULT NULL,
  `article_count` int(11) DEFAULT NULL,
  `articles` varchar(255) DEFAULT NULL,
  `article_id` int(11) DEFAULT NULL,
  `footer` text,
  `adult_image` varchar(255) DEFAULT NULL,
  `novelties` varchar(255) DEFAULT NULL,
  PRIMARY KEY (`id`),
  KEY `index_admin_settings_on_album_id` (`album_id`),
  KEY `index_admin_settings_on_novelty_id` (`novelty_id`),
  KEY `index_admin_settings_on_article_id` (`article_id`)
) ENGINE=InnoDB AUTO_INCREMENT=2 DEFAULT CHARSET=utf8;
/*!40101 SET character_set_client = @saved_cs_client */;

--
-- Dumping data for table `admin_settings`
--

LOCK TABLES `admin_settings` WRITE;
/*!40000 ALTER TABLE `admin_settings` DISABLE KEYS */;
INSERT INTO `admin_settings` VALUES (1,NULL,19,'2014-04-17 14:11:49','2014-11-15 09:54:49',NULL,'20,15',18,'© The Tyumen House of photography. 2014.   \r\nPhone: +7 3452 998755.  Site support  e-mail: support@domfoto72.ru Site support phone: +79829183344 ','eighteen.jpg','');
/*!40000 ALTER TABLE `admin_settings` ENABLE KEYS */;
UNLOCK TABLES;

--
-- Table structure for table `admin_subscription_logs`
--

DROP TABLE IF EXISTS `admin_subscription_logs`;
/*!40101 SET @saved_cs_client     = @@character_set_client */;
/*!40101 SET character_set_client = utf8 */;
CREATE TABLE `admin_subscription_logs` (
  `id` int(11) NOT NULL AUTO_INCREMENT,
  `resource` varchar(255) DEFAULT NULL,
  `resource_id` int(11) DEFAULT NULL,
  `sent` date DEFAULT NULL,
  `user_id` int(11) DEFAULT NULL,
  `created_at` datetime DEFAULT NULL,
  `updated_at` datetime DEFAULT NULL,
  PRIMARY KEY (`id`)
) ENGINE=InnoDB DEFAULT CHARSET=utf8;
/*!40101 SET character_set_client = @saved_cs_client */;

--
-- Dumping data for table `admin_subscription_logs`
--

LOCK TABLES `admin_subscription_logs` WRITE;
/*!40000 ALTER TABLE `admin_subscription_logs` DISABLE KEYS */;
/*!40000 ALTER TABLE `admin_subscription_logs` ENABLE KEYS */;
UNLOCK TABLES;

--
-- Table structure for table `album_photos`
--

DROP TABLE IF EXISTS `album_photos`;
/*!40101 SET @saved_cs_client     = @@character_set_client */;
/*!40101 SET character_set_client = utf8 */;
CREATE TABLE `album_photos` (
  `id` int(11) NOT NULL AUTO_INCREMENT,
  `photo_id` int(11) DEFAULT NULL,
  `album_id` int(11) DEFAULT NULL,
  `created_at` datetime DEFAULT NULL,
  `updated_at` datetime DEFAULT NULL,
  PRIMARY KEY (`id`),
  KEY `index_album_photos_on_photo_id` (`photo_id`)
) ENGINE=InnoDB AUTO_INCREMENT=38 DEFAULT CHARSET=utf8;
/*!40101 SET character_set_client = @saved_cs_client */;

--
-- Dumping data for table `album_photos`
--

LOCK TABLES `album_photos` WRITE;
/*!40000 ALTER TABLE `album_photos` DISABLE KEYS */;
INSERT INTO `album_photos` VALUES (2,33,6,'2014-08-29 04:26:55','2014-08-29 04:26:55'),(3,34,6,'2014-08-29 04:26:55','2014-08-29 04:26:55'),(4,30,6,'2014-08-29 04:27:11','2014-08-29 04:27:11'),(5,31,6,'2014-08-29 04:27:11','2014-08-29 04:27:11'),(6,32,6,'2014-08-29 04:27:11','2014-08-29 04:27:11'),(9,48,7,'2014-08-29 04:28:59','2014-08-29 04:28:59'),(10,49,7,'2014-08-29 04:28:59','2014-08-29 04:28:59'),(11,50,7,'2014-08-29 04:28:59','2014-08-29 04:28:59'),(12,51,7,'2014-08-29 04:28:59','2014-08-29 04:28:59'),(13,52,7,'2014-08-29 04:28:59','2014-08-29 04:28:59'),(14,53,7,'2014-08-29 04:28:59','2014-08-29 04:28:59'),(15,54,7,'2014-08-29 04:28:59','2014-08-29 04:28:59'),(16,55,7,'2014-08-29 04:28:59','2014-08-29 04:28:59'),(17,56,7,'2014-08-29 04:28:59','2014-08-29 04:28:59'),(18,58,7,'2014-08-29 04:28:59','2014-08-29 04:28:59'),(19,59,7,'2014-08-29 04:28:59','2014-08-29 04:28:59'),(20,60,7,'2014-08-29 04:28:59','2014-08-29 04:28:59'),(21,80,5,'2014-08-29 04:43:07','2014-08-29 04:43:07'),(22,81,5,'2014-08-29 04:43:24','2014-08-29 04:43:24'),(23,82,5,'2014-08-29 04:43:37','2014-08-29 04:43:37'),(24,83,5,'2014-08-29 05:51:48','2014-08-29 05:51:48'),(26,85,5,'2014-08-29 05:52:22','2014-08-29 05:52:22'),(27,86,5,'2014-08-29 05:53:14','2014-08-29 05:53:14'),(28,87,5,'2014-08-29 05:53:30','2014-08-29 05:53:30'),(29,88,5,'2014-08-29 05:53:47','2014-08-29 05:53:47'),(30,89,5,'2014-08-29 05:54:10','2014-08-29 05:54:10'),(31,90,5,'2014-08-29 05:54:33','2014-08-29 05:54:33'),(32,91,5,'2014-08-29 05:54:49','2014-08-29 05:54:49'),(33,92,5,'2014-08-29 05:55:06','2014-08-29 05:55:06'),(34,93,5,'2014-08-29 05:55:25','2014-08-29 05:55:25'),(35,94,5,'2014-08-29 05:55:42','2014-08-29 05:55:42'),(36,95,5,'2014-08-29 05:55:59','2014-08-29 05:55:59'),(37,96,5,'2014-08-29 05:56:15','2014-08-29 05:56:15');
/*!40000 ALTER TABLE `album_photos` ENABLE KEYS */;
UNLOCK TABLES;

--
-- Table structure for table `comments`
--

DROP TABLE IF EXISTS `comments`;
/*!40101 SET @saved_cs_client     = @@character_set_client */;
/*!40101 SET character_set_client = utf8 */;
CREATE TABLE `comments` (
  `id` int(11) NOT NULL AUTO_INCREMENT,
  `title` varchar(50) DEFAULT '',
  `comment` text,
  `commentable_id` int(11) DEFAULT NULL,
  `commentable_type` varchar(255) DEFAULT NULL,
  `user_id` int(11) DEFAULT NULL,
  `role` varchar(255) DEFAULT 'comments',
  `created_at` datetime DEFAULT NULL,
  `updated_at` datetime DEFAULT NULL,
  PRIMARY KEY (`id`),
  KEY `index_comments_on_commentable_type` (`commentable_type`),
  KEY `index_comments_on_commentable_id` (`commentable_id`),
  KEY `index_comments_on_user_id` (`user_id`)
) ENGINE=InnoDB AUTO_INCREMENT=60 DEFAULT CHARSET=utf8;
/*!40101 SET character_set_client = @saved_cs_client */;

--
-- Dumping data for table `comments`
--

LOCK TABLES `comments` WRITE;
/*!40000 ALTER TABLE `comments` DISABLE KEYS */;
INSERT INTO `comments` VALUES (5,'','Фотография сделана с борта вертолёта во время экологической экспедиции на остров Белый в 2013 году',30,'Photo',13,'comments','2014-06-30 15:26:13','2014-06-30 15:26:13'),(6,'','',31,'Photo',13,'comments','2014-06-30 15:30:07','2014-06-30 15:30:07'),(7,'','',31,'Photo',13,'comments','2014-06-30 15:30:20','2014-06-30 15:30:20'),(8,'','Волонтёры экологической экспедиции убирают остров Белый',32,'Photo',13,'comments','2014-06-30 15:33:37','2014-06-30 15:33:37'),(9,'','Остров Белый, вечер. Полярный день ещё не превратился в полноценную ночь, но солнце уже опускается за горизонт, а плотная облачность создаёт эффект заката.',33,'Photo',13,'comments','2014-06-30 15:37:11','2014-06-30 15:37:11'),(10,'','Во время экологической экспедиции на остров Белый в 2013 году волонтёрами был спасен раненый из огнестрельного оружия белый медвежонок. Медвежонка выходили, откормили и он стал показывать настоящий \"белый\" характер. Новым домом медвежонка, которому дали имя Сэр Ири, стал Пермский зоопарк.',34,'Photo',13,'comments','2014-06-30 15:43:05','2014-06-30 15:43:05'),(11,'','А где он показывается в каком разделе ? Я тут попробовал, вроде не показывается  по крайнеймере не показывается там где было задумано в последних фотографиях.',10,'Letter',1,'comments','2014-07-03 16:39:41','2014-07-03 16:39:41'),(12,'','А, понял ... Они показываются на первой странице. Это легко можно поправить.',10,'Letter',1,'comments','2014-07-03 16:44:09','2014-07-03 16:44:09'),(15,'','Открытие выставки по техническим причинам переносится. О новом времени и дате мы сообщим дополнительно.',10,'Post',6,'comments','2014-07-16 13:53:40','2014-07-16 13:53:40'),(16,'','Вроде полностью исправили регистрацию, теперь почта приходит вроде всем и на все ящики. Так что после регистрации не забудте заглянуть в ваш почтовый ящик и активировать ваш аккаунт. Те, кто считают, что им мало прав дали, обращаются ко мне по почте в личном кабинете или через тикеты (а так же любым другим доступным образом).',9,'Post',6,'comments','2014-07-19 05:51:59','2014-07-19 05:51:59'),(17,'','28 июля приглашаю принять участие в развеске фотографий фотовыставки Сергея Киселева в Музейном комплексе Усадьбы Колокольниковых.',10,'Post',6,'comments','2014-07-27 03:35:45','2014-07-27 03:35:45'),(18,'','Всё, выставка висит. Сегодня все карточки повесили. Значит скоро открытие. Следите за информацией.',10,'Post',6,'comments','2014-07-28 08:37:49','2014-07-28 08:37:49'),(19,'','Открытие выставки состоится 1 августа в 16:30 музейном комплексе Усадьба Колокольниковых (Исторический музей).',10,'Post',6,'comments','2014-07-30 16:07:17','2014-07-30 16:07:17'),(20,'','Тестовый комментарий',16,'Letter',1,'comments','2014-09-06 09:47:00','2014-09-06 09:47:00'),(22,'','Ок. Я вроде указал ведь?',17,'Letter',45,'comments','2014-10-11 13:48:57','2014-10-11 13:48:57'),(23,'','Вот видимо еще один глюк.. я не вижу.. поправлю. Мерси! :)',17,'Letter',6,'comments','2014-10-11 15:37:57','2014-10-11 15:37:57'),(24,'','',110,'Photo',51,'comments','2014-10-12 09:50:49','2014-10-12 09:50:49'),(25,'','',143,'Photo',13,'comments','2014-10-15 03:09:09','2014-10-15 03:09:09'),(26,'','',143,'Photo',13,'comments','2014-10-15 03:09:27','2014-10-15 03:09:27'),(27,'','',143,'Photo',13,'comments','2014-10-15 03:11:01','2014-10-15 03:11:01'),(28,'','',147,'Photo',61,'comments','2014-10-15 03:54:41','2014-10-15 03:54:41'),(29,'','',148,'Photo',61,'comments','2014-10-15 03:55:33','2014-10-15 03:55:33'),(30,'','Все правильно. Фото с закатом должно быть одно.',66,'Letter',62,'comments','2014-10-15 05:36:16','2014-10-15 05:36:16'),(33,'','',174,'Photo',29,'comments','2014-10-15 16:23:03','2014-10-15 16:23:03'),(34,'','',175,'Photo',29,'comments','2014-10-15 16:24:43','2014-10-15 16:24:43'),(35,'','',189,'Photo',50,'comments','2014-10-16 06:32:03','2014-10-16 06:32:03'),(36,'','',208,'Photo',67,'comments','2014-10-17 07:48:26','2014-10-17 07:48:26'),(37,'','',209,'Photo',67,'comments','2014-10-17 07:50:46','2014-10-17 07:50:46'),(38,'','',210,'Photo',67,'comments','2014-10-17 07:53:15','2014-10-17 07:53:15'),(39,'','',211,'Photo',67,'comments','2014-10-17 07:55:07','2014-10-17 07:55:07'),(40,'','',212,'Photo',67,'comments','2014-10-17 07:57:00','2014-10-17 07:57:00'),(41,'','',212,'Photo',67,'comments','2014-10-17 07:57:15','2014-10-17 07:57:15'),(42,'','',213,'Photo',67,'comments','2014-10-17 07:58:52','2014-10-17 07:58:52'),(43,'','',214,'Photo',68,'comments','2014-10-17 10:34:52','2014-10-17 10:34:52'),(44,'','',80,'Letter',68,'comments','2014-10-17 14:52:22','2014-10-17 14:52:22'),(45,'','',223,'Photo',16,'comments','2014-10-18 14:35:31','2014-10-18 14:35:31'),(46,'','Видимо сбой. Поищем.',79,'Letter',6,'comments','2014-10-18 16:31:54','2014-10-18 16:31:54'),(49,'','',237,'Photo',90,'comments','2014-11-06 14:47:04','2014-11-06 14:47:04'),(50,'','',238,'Photo',90,'comments','2014-11-06 14:52:42','2014-11-06 14:52:42'),(51,'','',237,'Photo',90,'comments','2014-11-06 15:24:04','2014-11-06 15:24:04'),(53,'','',253,'Photo',90,'comments','2014-11-06 17:32:34','2014-11-06 17:32:34'),(54,'','Карточка для ЧБ, как по мне :)',257,'Photo',65,'comments','2014-11-07 16:30:51','2014-11-07 16:30:51'),(55,'','',274,'Photo',92,'comments','2014-11-17 12:49:00','2014-11-17 12:49:00'),(56,'','',275,'Photo',92,'comments','2014-11-17 13:11:37','2014-11-17 13:11:37'),(58,'','',290,'Photo',90,'comments','2014-11-18 07:35:22','2014-11-18 07:35:22'),(59,'','Напиши комментарий',279,'Photo',100,'comments','2014-11-18 08:21:47','2014-11-18 08:21:47');
/*!40000 ALTER TABLE `comments` ENABLE KEYS */;
UNLOCK TABLES;

--
-- Table structure for table `commontator_subscriptions`
--

DROP TABLE IF EXISTS `commontator_subscriptions`;
/*!40101 SET @saved_cs_client     = @@character_set_client */;
/*!40101 SET character_set_client = utf8 */;
CREATE TABLE `commontator_subscriptions` (
  `id` int(11) NOT NULL AUTO_INCREMENT,
  `subscriber_id` int(11) DEFAULT NULL,
  `subscriber_type` varchar(255) DEFAULT NULL,
  `thread_id` int(11) DEFAULT NULL,
  `unread` int(11) DEFAULT '0',
  `created_at` datetime DEFAULT NULL,
  `updated_at` datetime DEFAULT NULL,
  PRIMARY KEY (`id`),
  UNIQUE KEY `index_c_s_on_s_id_and_s_type_and_t_id` (`subscriber_id`,`subscriber_type`,`thread_id`),
  KEY `index_commontator_subscriptions_on_thread_id` (`thread_id`)
) ENGINE=InnoDB DEFAULT CHARSET=utf8;
/*!40101 SET character_set_client = @saved_cs_client */;

--
-- Dumping data for table `commontator_subscriptions`
--

LOCK TABLES `commontator_subscriptions` WRITE;
/*!40000 ALTER TABLE `commontator_subscriptions` DISABLE KEYS */;
/*!40000 ALTER TABLE `commontator_subscriptions` ENABLE KEYS */;
UNLOCK TABLES;

--
-- Table structure for table `commontator_threads`
--

DROP TABLE IF EXISTS `commontator_threads`;
/*!40101 SET @saved_cs_client     = @@character_set_client */;
/*!40101 SET character_set_client = utf8 */;
CREATE TABLE `commontator_threads` (
  `id` int(11) NOT NULL AUTO_INCREMENT,
  `commontable_id` int(11) DEFAULT NULL,
  `commontable_type` varchar(255) DEFAULT NULL,
  `closed_at` datetime DEFAULT NULL,
  `closer_id` int(11) DEFAULT NULL,
  `closer_type` varchar(255) DEFAULT NULL,
  `created_at` datetime DEFAULT NULL,
  `updated_at` datetime DEFAULT NULL,
  PRIMARY KEY (`id`),
  KEY `index_commontator_threads_on_cotable_id_and_comm_type` (`commontable_id`,`commontable_type`)
) ENGINE=InnoDB DEFAULT CHARSET=utf8;
/*!40101 SET character_set_client = @saved_cs_client */;

--
-- Dumping data for table `commontator_threads`
--

LOCK TABLES `commontator_threads` WRITE;
/*!40000 ALTER TABLE `commontator_threads` DISABLE KEYS */;
/*!40000 ALTER TABLE `commontator_threads` ENABLE KEYS */;
UNLOCK TABLES;

--
-- Table structure for table `competition_photos`
--

DROP TABLE IF EXISTS `competition_photos`;
/*!40101 SET @saved_cs_client     = @@character_set_client */;
/*!40101 SET character_set_client = utf8 */;
CREATE TABLE `competition_photos` (
  `id` int(11) NOT NULL AUTO_INCREMENT,
  `photo_id` int(11) DEFAULT NULL,
  `competition_id` int(11) DEFAULT NULL,
  `created_at` datetime DEFAULT NULL,
  `updated_at` datetime DEFAULT NULL,
  `nomination_id` int(11) DEFAULT NULL,
  `place` int(11) DEFAULT '0',
  `banned` tinyint(1) DEFAULT '0',
  PRIMARY KEY (`id`),
  KEY `index_competition_photos_on_photo_id` (`photo_id`),
  KEY `index_competition_photos_on_competition_id` (`competition_id`),
  KEY `index_competition_photos_on_nomination_id` (`nomination_id`)
) ENGINE=InnoDB AUTO_INCREMENT=86 DEFAULT CHARSET=utf8;
/*!40101 SET character_set_client = @saved_cs_client */;

--
-- Dumping data for table `competition_photos`
--

LOCK TABLES `competition_photos` WRITE;
/*!40000 ALTER TABLE `competition_photos` DISABLE KEYS */;
INSERT INTO `competition_photos` VALUES (14,146,6,'2014-10-15 04:32:49','2014-10-16 13:34:17',9,0,0),(15,147,6,'2014-10-15 04:32:49','2014-10-16 08:03:13',9,0,0),(16,148,6,'2014-10-15 04:32:49','2014-10-15 08:54:07',9,0,0),(17,143,6,'2014-10-15 05:09:31','2014-10-15 08:54:07',10,0,0),(18,144,6,'2014-10-15 05:09:31','2014-10-21 02:28:57',10,2,0),(19,145,6,'2014-10-15 05:09:31','2014-10-21 02:28:59',10,3,0),(20,141,6,'2014-10-15 05:42:17','2014-10-15 05:42:17',9,0,0),(22,138,6,'2014-10-15 05:42:17','2014-10-15 05:42:17',9,0,0),(23,139,6,'2014-10-15 05:42:58','2014-10-15 05:42:58',10,0,0),(24,137,6,'2014-10-15 05:43:51','2014-10-15 05:43:51',9,0,0),(25,160,6,'2014-10-15 13:43:58','2014-10-15 13:43:58',10,0,0),(26,169,6,'2014-10-15 15:00:51','2014-10-15 15:00:51',9,0,0),(27,170,6,'2014-10-15 15:00:51','2014-10-15 15:00:51',9,0,0),(28,172,6,'2014-10-15 15:00:51','2014-10-15 15:00:51',9,0,0),(29,173,6,'2014-10-15 16:25:21','2014-10-15 16:25:21',9,0,0),(30,174,6,'2014-10-15 16:25:21','2014-10-21 02:27:45',9,1,0),(31,175,6,'2014-10-15 16:25:21','2014-10-15 16:25:21',9,0,0),(32,152,6,'2014-10-16 06:33:18','2014-10-16 06:33:18',9,0,0),(33,156,6,'2014-10-16 06:33:18','2014-10-16 06:33:18',9,0,0),(34,157,6,'2014-10-16 06:33:18','2014-10-16 06:33:18',9,0,0),(35,192,6,'2014-10-16 12:57:01','2014-10-19 05:18:29',10,0,0),(36,193,6,'2014-10-16 12:57:01','2014-10-19 05:19:10',10,0,0),(37,194,6,'2014-10-16 12:57:01','2014-10-19 05:20:33',10,0,0),(38,195,6,'2014-10-16 12:57:01','2014-10-16 12:57:01',9,0,0),(39,196,6,'2014-10-16 12:57:01','2014-10-16 12:57:01',9,0,0),(40,197,6,'2014-10-16 12:57:01','2014-10-16 12:57:01',9,0,0),(41,199,6,'2014-10-16 13:34:01','2014-10-16 13:34:01',10,0,0),(42,198,6,'2014-10-16 13:34:02','2014-10-21 02:28:49',10,1,0),(43,203,6,'2014-10-16 13:52:13','2014-10-21 02:27:52',9,2,0),(45,204,6,'2014-10-16 13:55:49','2014-10-16 13:55:49',10,0,0),(49,183,6,'2014-10-16 14:24:33','2014-10-16 14:24:33',10,0,0),(50,177,6,'2014-10-16 14:25:21','2014-10-16 14:25:21',9,0,0),(51,180,6,'2014-10-16 14:25:21','2014-10-16 14:25:21',9,0,0),(52,178,6,'2014-10-16 14:25:21','2014-10-16 14:25:21',9,0,0),(53,176,6,'2014-10-16 14:25:21','2014-10-16 14:25:21',9,0,0),(54,185,6,'2014-10-16 14:27:25','2014-10-16 14:27:25',10,0,0),(55,184,6,'2014-10-16 14:28:11','2014-10-16 14:28:11',10,0,0),(58,207,6,'2014-10-17 03:44:51','2014-10-21 02:28:22',9,3,0),(59,217,6,'2014-10-17 14:49:47','2014-10-17 14:49:47',9,0,0),(60,218,6,'2014-10-17 14:49:47','2014-10-17 14:49:47',9,0,0),(61,219,6,'2014-10-17 14:49:47','2014-10-17 14:49:47',9,0,0),(62,214,6,'2014-10-17 14:50:06','2014-10-17 14:50:06',10,0,0),(63,215,6,'2014-10-17 14:50:06','2014-10-17 14:50:06',10,0,0),(64,216,6,'2014-10-17 14:50:06','2014-10-17 14:50:06',10,0,0),(65,208,6,'2014-10-18 01:16:09','2014-10-18 01:16:09',10,0,0),(66,209,6,'2014-10-18 01:16:09','2014-10-18 01:16:09',10,0,0),(67,210,6,'2014-10-18 01:16:09','2014-10-18 01:16:09',10,0,0),(68,211,6,'2014-10-18 01:17:03','2014-10-18 01:17:03',9,0,0),(69,212,6,'2014-10-18 01:17:03','2014-10-18 01:17:03',9,0,0),(70,213,6,'2014-10-18 01:17:03','2014-10-18 01:17:03',9,0,0),(71,224,6,'2014-10-18 14:31:26','2014-10-18 14:31:26',9,0,0),(72,222,6,'2014-10-18 14:31:54','2014-10-18 14:31:54',10,0,0),(73,223,6,'2014-10-18 14:31:54','2014-10-18 14:31:54',10,0,0),(74,279,7,'2014-11-18 07:09:32','2014-11-18 07:09:32',11,0,0),(75,286,7,'2014-11-18 07:09:32','2014-11-18 07:09:32',11,0,0),(76,280,7,'2014-11-18 07:09:33','2014-11-18 07:09:33',11,0,0),(77,278,7,'2014-11-18 07:09:33','2014-11-18 07:09:33',11,0,0),(78,281,7,'2014-11-18 07:14:40','2014-11-18 07:14:40',12,0,0),(79,284,7,'2014-11-18 07:14:40','2014-11-18 07:14:40',12,0,0),(80,289,7,'2014-11-18 07:14:41','2014-11-18 07:14:41',12,0,0),(81,285,7,'2014-11-18 07:14:41','2014-11-18 07:14:41',12,0,0),(82,292,7,'2014-11-20 04:19:11','2014-11-20 04:19:11',11,0,0),(83,294,7,'2014-11-20 04:19:11','2014-11-20 04:19:11',11,0,0),(84,295,7,'2014-11-20 04:19:11','2014-11-20 04:19:11',11,0,0),(85,296,7,'2014-11-20 04:19:11','2014-11-20 04:19:11',11,0,0);
/*!40000 ALTER TABLE `competition_photos` ENABLE KEYS */;
UNLOCK TABLES;

--
-- Table structure for table `competition_requests`
--

DROP TABLE IF EXISTS `competition_requests`;
/*!40101 SET @saved_cs_client     = @@character_set_client */;
/*!40101 SET character_set_client = utf8 */;
CREATE TABLE `competition_requests` (
  `id` int(11) NOT NULL AUTO_INCREMENT,
  `competition_id` int(11) DEFAULT NULL,
  `user_id` int(11) DEFAULT NULL,
  `approved` tinyint(1) DEFAULT '0',
  `created_at` datetime DEFAULT NULL,
  `updated_at` datetime DEFAULT NULL,
  `response_id` int(11) DEFAULT '0',
  `answer` text,
  `permited_nomination_count` int(11) DEFAULT '0',
  PRIMARY KEY (`id`),
  KEY `index_competition_requests_on_competition_id` (`competition_id`),
  KEY `index_competition_requests_on_user_id` (`user_id`)
) ENGINE=InnoDB AUTO_INCREMENT=44 DEFAULT CHARSET=utf8;
/*!40101 SET character_set_client = @saved_cs_client */;

--
-- Dumping data for table `competition_requests`
--

LOCK TABLES `competition_requests` WRITE;
/*!40000 ALTER TABLE `competition_requests` DISABLE KEYS */;
INSERT INTO `competition_requests` VALUES (4,1,6,0,'2014-10-12 12:49:48','2014-10-13 09:29:33',3,'',0),(5,2,6,0,'2014-10-12 12:49:53','2014-10-13 03:46:54',3,'Короче нельзя участвовать, если сам в жюри! :) обламайся.',0),(6,1,1,0,'2014-10-12 12:50:54','2014-10-13 09:30:09',3,'',0),(7,2,1,0,'2014-10-12 12:53:12','2014-10-13 08:59:48',100,'Спасибо за участие! :)',0),(8,2,52,0,'2014-10-12 13:31:43','2014-10-12 13:40:25',1,'Велкам!',0),(9,1,52,0,'2014-10-13 03:21:29','2014-10-13 09:29:57',2,'',0),(10,2,55,0,'2014-10-13 07:52:09','2014-10-13 08:16:12',3,'',0),(18,6,59,0,'2014-10-14 18:12:01','2014-10-15 04:24:08',100,'Ты же организатор! Какое участие то в конкурсе? :)))',0),(19,6,57,0,'2014-10-15 00:31:28','2014-10-15 04:22:40',1,'Вэлкам! :)',0),(20,6,45,0,'2014-10-15 01:58:53','2014-10-15 04:22:16',1,'Добро пожаловать, Миша! :)',0),(21,6,13,0,'2014-10-15 03:18:14','2014-10-15 04:21:49',1,'Добро пожаловать, Саша! :)',0),(22,6,61,0,'2014-10-15 03:56:36','2014-10-15 04:23:05',1,'Добро пожаловать! :)',0),(23,6,29,0,'2014-10-15 05:04:21','2014-10-15 05:09:58',1,'Вэлкам типа! :)',0),(25,6,62,0,'2014-10-15 05:27:29','2014-10-15 10:20:04',1,'Вэлкам! :)',0),(26,6,41,0,'2014-10-15 13:30:52','2014-10-15 13:41:37',1,'А вот сейчас можно и фотографии загружать! :)',0),(27,6,64,0,'2014-10-15 14:57:12','2014-10-15 15:43:06',1,'Ознакомься и правилами ( http://domfoto72.ru/ru/competitions/pilotnyy-konkurs-peyzazh ) и вэлкам! :)',0),(28,6,33,0,'2014-10-15 16:41:46','2014-10-15 16:57:29',1,'Вэлкам, Дима! :)',0),(29,6,50,0,'2014-10-16 06:44:20','2014-10-16 09:02:28',1,'Вэлкам! ^)',0),(30,6,65,0,'2014-10-16 10:03:09','2014-10-16 10:33:02',1,'Добро пожаловать на конкурс!',0),(31,6,22,0,'2014-10-16 11:25:34','2014-10-16 12:40:27',1,'',0),(32,6,51,0,'2014-10-16 14:34:30','2014-10-16 15:06:01',1,'Вэлкам! :)',0),(34,6,16,0,'2014-10-16 16:58:39','2014-10-16 17:07:24',1,'Молоток! Успела!',0),(35,6,66,0,'2014-10-17 03:40:43','2014-10-17 03:41:02',1,'',0),(36,6,67,0,'2014-10-17 07:44:38','2014-10-17 12:58:44',1,'Добро пожаловать, на конкурс!',0),(37,6,68,0,'2014-10-17 10:42:51','2014-10-17 12:58:24',1,'Вэлкам, Сергей! :)',0),(38,7,65,0,'2014-11-16 12:44:45','2014-11-18 05:37:55',1,'Вэлкам! :)',2),(39,7,92,0,'2014-11-17 13:39:29','2014-11-18 05:42:47',2,'Пожалуйста оплатите свое участие согласно правил конкурса,  Для сообщений кодов и данных отправителя сообщить в Оргкомитет\r\nпо телефону: +7 9044 99 87 55 или по e-mail fotoexpo72@mail.ru',0),(40,7,100,0,'2014-11-18 04:53:10','2014-11-18 06:42:04',1,'Добро пожаловать.',2),(41,7,105,0,'2014-11-19 09:42:40','2014-11-20 04:16:32',1,'Добро пожаловать.',5),(42,8,6,0,'2014-11-19 14:17:07','2014-11-19 16:16:37',3,'ыва выа ываываыа ыаы ыаыва',0),(43,8,1,0,'2014-11-19 14:17:52','2014-11-20 01:42:44',1,'',1);
/*!40000 ALTER TABLE `competition_requests` ENABLE KEYS */;
UNLOCK TABLES;

--
-- Table structure for table `competitions`
--

DROP TABLE IF EXISTS `competitions`;
/*!40101 SET @saved_cs_client     = @@character_set_client */;
/*!40101 SET character_set_client = utf8 */;
CREATE TABLE `competitions` (
  `id` int(11) NOT NULL AUTO_INCREMENT,
  `title` varchar(255) DEFAULT NULL,
  `description` text,
  `last_date` date DEFAULT NULL,
  `created_at` datetime DEFAULT NULL,
  `updated_at` datetime DEFAULT NULL,
  `status_id` int(11) DEFAULT NULL,
  `type_id` int(11) DEFAULT NULL,
  `open_date` date DEFAULT NULL,
  `slug` varchar(255) DEFAULT NULL,
  `num_stars` int(11) DEFAULT NULL,
  `accept_date` date DEFAULT NULL,
  PRIMARY KEY (`id`)
) ENGINE=InnoDB AUTO_INCREMENT=9 DEFAULT CHARSET=utf8;
/*!40101 SET character_set_client = @saved_cs_client */;

--
-- Dumping data for table `competitions`
--

LOCK TABLES `competitions` WRITE;
/*!40000 ALTER TABLE `competitions` DISABLE KEYS */;
INSERT INTO `competitions` VALUES (6,'Пилотный конкурс \"Пейзаж\"','<h4>Положение конкурса \"<strong>Пилотный конкурс \"Пейзаж\"</strong></h4><p>Цели и задачи конкурса:</p><p>- популяризация фотографии, в частности в г. Тюмени.</p><p>- стимулирование участия в работе фотоклуба постоянных членов клуба и фотолюбителей, изредка посещающих заседания клуба.</p><p>- <strong>обкатка работы сайта, в частности работы конкурсной части сайта, подготовка сайта к конкурсу FIAP.</strong></p><p>- популяризация сайта Тюменского дома фотографии, привлечение новых пользователей и их фоторабот на страницы нашего сайта.</p><p><strong>К участию в пилотном, закрытом конкурсе \"Пейзаж\"</strong>, проводимого фотоклубом \"ФотоРегион\", приглашаются &nbsp;члены клуба \"ФотоРегион\" и сочувствующие фотоклубному движению фотографы города Тюмени. Участие предусматривает только индивидуальное участие фотографа с подачей заявки и размещения фоторабот в электронном виде через сайт Тюменского дома фотографии: <a href=\"http://domfoto72.ru\">http://domfoto72.ru</a> </p><p>К участию в конкурс допускаются только зарегистрированные пользователи сайта Тюменского дома фотографии, так что просим всех, кто еще не зарегистрировался пройти не сложную процедуру регистрации.&nbsp;</p><p>Фотоработы должны быть загружены с помощью системы самого сайта, инструкция участия в конкурсе находится в разделе \"Статьи\" сайта: \"<a href=\"http://domfoto72.ru/ru/articles/uchastie-v-foto-konkursah-na-nashem-sayte-poryadok-i-instruktsiya\">Участие в фото-конкурсах на нашем сайте. Порядок и инструкция.</a>\"</p><p>Просьба загружать изображения (фотоработы) размером от 800 до 1200 точек по длинной стороне. Изображения не должны содержать рамок, логотипов и других впечатанных букв и символов.</p><p>Фотографии на конкурс принимаются не прошедшие серьезного изменения фоторедакторами. Без коллажей и монтажа. Допускается обработка, которая не меняет (не удаляет и не добавляет, не меняет форму и расположение) объектов на исходной фотографии. Допускается любое манипулирование с цветом, контрастом и яркостью. Не допускается внедрение в изображение источников или лучей света, которых не было в исходном кадре. Не допускаются к участию кадры не отвечающие теме \"Пейзаж\". Не допускаются кадры снятые третьими лицами, только авторские работы зарегистрированного пользователя.</p><p>Создано две номинации в конкурсе: \"природный пейзаж\" и \"городской пейзаж\", с допустимым числом единичных работ - до 3х включительно.</p><p>Работы на конкурс принимаются до 19.10.2014 года (не включая это число).</p><p>Результаты голосования жюри будет объявлено и доступно для просмотра через сайт 23.10.2014.</p><hr id=\"horizontalrule\">\r\n<p>В жюри принимают участие:</p><p>председатель жюри - Игорь Ковалев</p><p>Николай Сульженко</p><p>Светлана Еремина</p><p>Виталий Нестеренко</p><p>Приз победителям конкурса - всеобщее уважение, и тортик. :)</p><p>Добро пожаловать!</p>','2014-10-19','2014-10-14 17:34:59','2014-10-24 06:54:51',1,0,'2014-10-21','pilotnyy-konkurs-peyzazh',10,'2014-10-12'),(7,'1st International Photography Contest in Tyumen \"Fixage’ 2014\" (Iй Международный Фотоконкурс в Тюмени) FIAP','<p>\r\n	<a href=\"#engl\"><strong>English terms</strong></a><strong>&nbsp;</strong></p><p>\r\n	<img src=\"/system/redactor_assets/pictures/22/FIAP-1-2014.jpg\" style=\"width: 271px;\"></p><p>\r\n	1.«Iй Международный Фотоконкурс» (далее Конкурс) является открытым конкурсом, в котором может принять любой профессиональный фотограф или фотограф любитель, из любой страны мира, оплативший взнос за участие и принимающий условия конкурса.</p><p>\r\n	1.1.Организатором конкурса является Тюменский дом фотографии.</p><p>\r\n	1.2.Организатор для реализации целей и задач Конкурса привлекает партнеров.</p><p>\r\n	2.Участники подтверждают собственное авторство присланных работ, а Организатор не несет ответственности за претензии третьих лиц.</p><p>\r\n	2.1. Организаторы оставляют за собой право использовать присланные работы для некоммерческого использования в рекламе конкурса.</p><p>\r\n	3.В Конкурсе 2014 года устанавливаются следующие номинации:</p><li>Свободная тема (черно-белая фотография); цифра (A)</li><li>Свободная тема (цветная фотография); цифра (B)</li><li>Мой любимый город. Виды городов. Приз им. К.Н. Высоцкого (черно-белая фотография); цифра (C)</li><li>Мой любимый город. Виды городов. Приз им. К.Н. Высоцкого (цветная фотография); цифра (D)</li><li>Классическая фотография на свободную тему. Приз им. Д. И. Менделеева (черно-белая фотография); бумага (F)</li>	3.1.Принимается не более 4х работ в каждую номинацию. Каждый участник может принимать участие во всех номинациях при условии оплаты взносов за все номинации.\r\n<p>\r\n	3.2.Запрещается представлять одинаковые работы в разные номинации</p><p>\r\n	3.3.Серии не принимаются.</p><p>\r\n	4.Присланные работы и их оформление должны соответствовать:</p><p>\r\n	4.1.требованиям FIAP: Черно-белые работы от очень темно-серого (черного) до очень светло-серого (белого) оттенка, представляют собой монохромные работы с различными оттенками серого. Черно-белые работы, тонированные полностью в один цвет, остаются монохромными работами и в состоянии участвовать в черно-белой категории.</p><p>\r\n	4.2. техническим требованиям оргкомитета:</p><p>\r\n	   обязательная регистрация участников на сайте \r\n	<a href=\"http://domfoto72.ru\">http://domfoto72.ru</a> и заполнить Анкету.</p><li>публикация цифровых копий фотографии в раздел конкурса на указанном выше сайте.</li><li>Формат публикуемых файлов  JPG, качество 11 или 12;</li><li>ширина по большой стороне кадра: &nbsp;800 - 1000 пикселей;</li><li>черно-белые фотографии и цветные в RGB;</li><li>название файлов могут быть на любом языке, только латинскими буквами, в названии файла должно быть указано: код страны по ISO 3166 (Ru-Россия и т.д.), Имя автора и Описание на английском или русском языках, но только латинскими буквами, название работы на английском,  номинация, в общей сложности до 47 символов, пробелы заменять подчеркиванием. Например, для работы «Утро на реке» в  номинации «Свободная тема, цветная, цифра»: Ru_Ivan_Ivanov_Morning_on_the_river_B.jpg .</li><li>для бумажных работ: размер: минимальный 20 см х 30см, максимум 30см х 45см, если снимок наклеен на картон, общая толщина работы не должна превышать 1мм. Репродукцию карточки (скан или качественное фото) опубликовать на сайте по нормам цифровых изображений указанных выше.</li><li>В случае возникновения сложностей с загрузкой отправьте письмо по адресу support@domfoto72.ru&nbsp;с темой «проблема загрузки». Укажите ваше Имя и телефон для связи. (или по телефону +79829183344)</li><li>Правила публикации фоторабот на сайте можно найти по адресу: <a href=\"http://domfoto72.ru/ru/articles/uchastie-v-foto-konkursah-na-nashem-sayte-poryadok-i-instruktsiya\">на русском</a> <a href=\"http://domfoto72.ru/ru/articles/the-instructions-for-fiap-contest-participation-managed-by-the-tyumen-house-of-photography\">на английском</a></li>	5. Вступительный взнос является обязательным для всех участников и составляет:\r\n<p>\r\n	730 рублей за одну номинацию</p><p>\r\n	975 рублей за две номинации</p><p>\r\n	1465 рублей за три номинации</p><p>\r\n	1950 рублей за четыре номинации</p><p>\r\n	2190 рублей за пять номинаций</p><p>\r\n	5.1.для участников, присылающих работы на бумажном носителе дополнительно 400 рублей на почтовые расходы.</p><p>\r\n	5.2.Обратный адрес для отправки работы участник указывает в «Анкете участника».</p><p>\r\n	5.3.Возможные варианты оплаты:</p><li>PayPal fotoexpo72@mail.ru</li><li>Денежный экспресс перевод через отделение Сбербанка «БЛИЦ» или Почта России «Форсаж» Фирцеву Сергею Валерьевичу (получатель)</li><li>Экспресс перевод через систему «Золотая Корона» Фирцеву Сергею Валерьевичу (получатель)</li><li>Для оплаты в рублях MasterCard 5203 7378 0095 9794 № счета 40817810551004891199 Фирцев Сергей Валерьевич (получатель)</li><li>QIWI кошелек: +79044998755</li>		Для сообщений кодов и данных отправителя сообщить в Оргкомитет\r\n<p>\r\n	по телефону: +7 9044 99 87 55 или по e-mail&nbsp;fotoexpo72@mail.ru</p><p>\r\n	6.Награждение осуществляется по каждой из пяти номинаций. В каждой номинации присуждаются Золотая медаль FIAP. Итого 5 медалей. В каждой номинации жюри отмечает работы Специальными призами (в т.ч. денежными). Итого 10 Специальных призов (по 2 в каждой номинации). Кроме того, Генеральный партнер Конкурса наградит персонально одного или нескольких авторов собственными призами (в т.ч. денежными). Утвержден Специальный приз «Дебют» Для молодых фотографов (до 25 лет). Все награды имеют медали и дипломы.</p><p>\r\n	7.Состав жюри:</p><p>\r\n	Хаджи Миодраг Миладинович – АFIAP, Сербия, председатель</p><p>\r\n	Сергей Киселев – Россия, со-председатель</p><p>\r\n	Игорь Ковалев – Россия, со-председатель</p><p>\r\n	Анатолий Пашук – Россия, золотая медаль FIAP</p><p>\r\n	Николай Сульженко – Россия, золотая медаль FIAP</p><p>\r\n	Александр Романов – Россия, золотая медаль FIAP</p><p>\r\n	Валерий Дыба – Россия</p><p>\r\n	Сергей Шаповал – Россия</p><p>\r\n	8.&nbsp;\r\n	<strong style=\"background-color: initial;\">Прием работ начинается 15 ноября и заканчивается 24 декабря 2014 года</strong>.&nbsp;</p><p>\r\n	Работа жюри до 31/12/2014</p><p>\r\n	Уведомление (открытие результатов) 05/01/2015</p><p>\r\n	Время экспонирование результирующей фотовыставки: Ян – февраль 2015 года.</p><p>\r\n	Председатель оргкомитета Сергей В. Фирцев</p><p>\r\n	P.S..&nbsp;</p><p>\r\n	Не забывайте в своем электронном письме следующую информацию:</p><p>\r\n	Фамилия:</p><p>\r\n	Имя:</p><p>\r\n	Дата рождения</p><p>\r\n	Звание FIAP:</p><p>\r\n	Обратный адрес&nbsp;(печатными буквами):</p><p>\r\n	Название фото-клуба (если таковые имеются):</p><p>\r\n	Телефон:</p><p>\r\n	Электронная почта:</p><p>\r\n	Категория № A B C D F название</p><p>\r\n	Пошлите эту информацию по электронной почте: fotoexpo72@mail .ru</p><p>\r\n	NB! Для Назначения «F» Посылают печатные издания и анкеты к:</p><p>\r\n	625003 РОССИИ,</p><p>\r\n	Тюмень,</p><p>\r\n	ул. Респпублики, 26 офисов 303&nbsp;«Академия фотографии»</p><p>\r\n	Пожалуйста, сообщите нам, через что был выполнен платеж за участие в конкурсе: PayPal, Карту, и т.д..</p><p>\r\n	Удачи, друзья!</p><p>\r\n	<a id=\"engl\"></a></p><hr>\r\n<br>\r\n<br>\r\n<strong>1st International Photo Contest in <st1>Tyumen\"Fixage\'2014\" (<st1><st1>Russia)</st1></st1></st1></strong>\r\n<p>\r\n	1. The First International Photo Contest in \r\n	<st1>Tyumen\r\n(\r\n	<st1><st1>Russia),\r\n(further referred to as the Contest) is open for any professional or amateur\r\nphotographer from all over the world who has paid the entry fee and accepted\r\nthe Contest’s provisions.\r\n	<br>\r\n1.1. The Contest is being organized by the Tyumen Photography House.\r\n	<br>\r\n1.2. To fulfill Contest’s goals the Organizer invites sponsoring parties.\r\n	</st1></st1></st1></p><p>\r\n	2. Participants of the Contest provide copyrights for their submissions.\r\nThe organizer is not liable for third parties claims.\r\n	<br>\r\n2.1. The Organizer has the right for non-commercial use of the submitted\r\nphotographs to promote the Contest.</p><p>\r\n	3. Sections of the Contest:\r\n	<br>\r\n• Free theme – black&white digital photography (A)\r\n	<br>\r\n• Free theme – color digital photography (B)\r\n	<br>\r\n• My favorite city. Views of the cities. Special prize in the name of\r\nK.N.Vysotsky – black&white digital photography (C)\r\n	<br>\r\n• My favorite city. Views of the cities. Special prize in the name of\r\nK.N.Vysotsky – color digital photography (D)\r\n	<br>\r\n• Free theme classic analog photography. Special prize in the name of\r\nD.I.Mendeleev. Prints (F)\r\n	<br>\r\n3.1. Participants can have only 4 submissions for a single section.\r\nParticipants can submit for any number of sections as long as they are paid\r\naccordingly.\r\n	<br>\r\n3.2. Participants can’t submit the same photographs for different sections.\r\n	<br>\r\n3.3 Series of photographs are not allowed.</p><p>\r\n	4. Submissions must meet the following requirements:\r\n	<br>\r\n4.1. FIAP guidelines: black&white photographs containing the whole range of\r\ngrey tones from dark (black) to light (white) are deemed to be monochromatic\r\nimages. Black&white photographs toned into one color are deemed to be\r\nmonochromatic images and thus eligible for black&white sections.</p><p>\r\n	4.2. Submission rules: \r\n	<br>\r\nAll entrants need to be signed up at the \r\n	<a href=\"http://domfoto72.ru/\">http://domfoto72.ru</a> web site. The application form\r\nneeds to be fully filled at the web site.\r\n	<br>\r\n	<br>\r\nDigital photo requirements:\r\n	<br>\r\nFile format: JPEG (quality 11 or 12), \r\n	<br>\r\nImage size: not more or less than 800-1000\r\npixels on the longest side,\r\n	<br>\r\nColor space for black and white and color\r\nimages: RGB,\r\n	<br>\r\nFile names: \r\n	<br>\r\neach digital photo file must be named in\r\naccordance with the following system:\r\n	<br>\r\n- country code in ISO 3166 (for example “Ru”\r\nfor Russia), \r\n	<br>\r\n- next character : Underscore (“_”), \r\n	<br>\r\n- photographer’s name and family name in\r\nLatin, separated by underscore,\r\n	<br>\r\n- next character : Underscore (“_”), \r\n	<br>\r\n- photo title in English,\r\n	<br>\r\n- next character : Underscore (“_”), \r\n	<br>\r\n- category letter.\r\n	<br>\r\n	<br>\r\nThe total length of the file name shouldn’t\r\nexceed 47 characters.\r\n	<br>\r\n	<br>\r\nExample:\r\n	<br>\r\nRu_Ivan_Ivanov_Morning_on_the_river_B.jpg\r\n	<br>\r\n	<br>\r\nPrinted photo requirements:\r\n	<br>\r\nPhoto size: min 20x30cm, max 30x45cm, should\r\nthe photo be glued upon the cardboard, the total paper thickness shouldn’t\r\nexceed 1mm.\r\n	<br>\r\nThe digital copy of the printed photo should\r\nbe published on the web site in accordance with the digital photo requirements\r\ndescribed above.</p><p>\r\n	<a href=\"http://domfoto72.ru/ru/articles/the-instructions-for-fiap-contest-participation-managed-by-the-tyumen-house-of-photography\">Submission guidelines</a><br>\r\n	<br>\r\nIn case of any difficulties with the upload\r\nplease feel free to contact us at: support@domfoto72.ru with the subject\r\n«uploading error».</p><p>\r\n	<br>\r\n5. Entrance fee is mandatory for every participant as follows:\r\n	<br>\r\n• 1 section – 15 euro;\r\n	<br>\r\n• 2 sections – 20 euro;\r\n	<br>\r\n• 3 sections – 30 euro;\r\n	<br>\r\n• 4 sections – 40 euro;\r\n	<br>\r\n• 5 sections – 45 euro.\r\n	<br>\r\n5.1. For participants submitting prints additional 8 euro fee is required for\r\nmailing.\r\n	<br>\r\n5.2. The return mailing address can be noted in the entry form.\r\n	<br>\r\n5.3. Payments can be made as follows:\r\n	<br>\r\n• PayPal fotoexpo72@mail.ru;\r\n	<br>\r\n• QIWI Visa wallet: +79044998755;\r\n	<br>\r\nWire transfer (account info will be provided by e-mail with Entry form);</p><p>\r\n	6. Every section has an award of golden FIAP medal, total 5 medals.\r\nThe jury will award a participant with a Special Prize in every section,\r\ntotal 10 Special Prize (including financial)& medals. Out of this General\r\nPartner will award one (or couple) author(s) by own brand Award&medal and\r\ntwo more «Debut» Awards&medals for young photographer (under 18 year, and\r\nunder 25 years old)\r\n	<br>\r\n7. Judging\r\n	<br>\r\nHadzi Miodrag Miladinovich – АFIAP, \r\n	<st1>Serbia,\r\nchairman\r\n	<br>\r\nSergey Kiselyov – \r\n	<st1>Russia,\r\nco-chairman\r\n	<br>\r\nIgor Kovalyov – \r\n	<st1>Russia,\r\nco-chairman\r\n	<br>\r\nAnatoliy Pashuk – \r\n	<st1>Russia<br>\r\nNikolay Sulzhenko – \r\n	<st1>Russia<br>\r\nAleksandr Romanov – Russia\r\n	<br>\r\nValery Dyba – \r\n	<st1>Russia<br>\r\nSergey Shapoval – \r\n	<st1><st1>Russia<br>\r\n8. Registration and submissions are accepted from&nbsp;\r\n	</st1></st1></st1></st1></st1></st1></st1></st1>november 15, 2014&nbsp;until&nbsp;december 24, 2014</p><p>\r\n	Judging deadline: december 31, 2014\r\n	<br>\r\nNotification: january 05, 2015\r\n	<br>\r\nExhibition date(s) Jan – Feb</p><p>\r\n	Chairman of Organizing Committee Sergey V. Firtsev</p><p>\r\n	p.s. Don\'t forget in your e-mail the following info</p><p>\r\n	Family Name:\r\n	<br>\r\nFirst Name:\r\n	<br>\r\nDate of birth\r\n	<br>\r\nFIAP honor:\r\n	<br>\r\nReturn address\r\n	<br>\r\n(in block letters):\r\n	<br>\r\nPhoto club name (if any):\r\n	<br>\r\nPhone:\r\n	<br>\r\nE-mail:\r\n	<br>\r\nCategory № A B C D F Title</p><p>\r\n	Send this info by e-mail: fotoexpo72@mail.ru</p><p>\r\n	NB! For Section «F» Send prints and application forms to:</p><p>\r\n	625003 \r\n	<st1>RUSSIA,<br>\r\n	<st1><st1>Tyumen,<br>\r\n	<st1><st1>Respubliki Street,\r\n26 offices 303\r\n	<br>\r\n«Academy of photography»\r\n	</st1></st1></st1></st1></st1></p><p>\r\n	Please inform us that payment of entry fees is made through PayPal,\r\nCard, ect.</p><p>\r\n	Good Luck, Friends!</p>','2014-12-25','2014-10-22 17:29:35','2014-11-19 11:27:58',1,1,'2015-01-05','iy-mezhdunarodnyy-fotokonkurs-tyumen-2014',10,'2014-11-15'),(8,'TEST','','2014-11-21','2014-11-19 14:16:50','2014-11-19 14:16:50',1,0,'2014-11-21','test',10,'2014-11-21');
/*!40000 ALTER TABLE `competitions` ENABLE KEYS */;
UNLOCK TABLES;

--
-- Table structure for table `delayed_jobs`
--

DROP TABLE IF EXISTS `delayed_jobs`;
/*!40101 SET @saved_cs_client     = @@character_set_client */;
/*!40101 SET character_set_client = utf8 */;
CREATE TABLE `delayed_jobs` (
  `id` int(11) NOT NULL AUTO_INCREMENT,
  `priority` int(11) NOT NULL DEFAULT '0',
  `attempts` int(11) NOT NULL DEFAULT '0',
  `handler` text NOT NULL,
  `last_error` text,
  `run_at` datetime DEFAULT NULL,
  `locked_at` datetime DEFAULT NULL,
  `failed_at` datetime DEFAULT NULL,
  `locked_by` varchar(255) DEFAULT NULL,
  `queue` varchar(255) DEFAULT NULL,
  `created_at` datetime DEFAULT NULL,
  `updated_at` datetime DEFAULT NULL,
  PRIMARY KEY (`id`),
  KEY `delayed_jobs_priority` (`priority`,`run_at`)
) ENGINE=InnoDB DEFAULT CHARSET=utf8;
/*!40101 SET character_set_client = @saved_cs_client */;

--
-- Dumping data for table `delayed_jobs`
--

LOCK TABLES `delayed_jobs` WRITE;
/*!40000 ALTER TABLE `delayed_jobs` DISABLE KEYS */;
/*!40000 ALTER TABLE `delayed_jobs` ENABLE KEYS */;
UNLOCK TABLES;

--
-- Table structure for table `friendly_id_slugs`
--

DROP TABLE IF EXISTS `friendly_id_slugs`;
/*!40101 SET @saved_cs_client     = @@character_set_client */;
/*!40101 SET character_set_client = utf8 */;
CREATE TABLE `friendly_id_slugs` (
  `id` int(11) NOT NULL AUTO_INCREMENT,
  `slug` varchar(255) NOT NULL,
  `sluggable_id` int(11) NOT NULL,
  `sluggable_type` varchar(50) DEFAULT NULL,
  `scope` varchar(255) DEFAULT NULL,
  `created_at` datetime DEFAULT NULL,
  PRIMARY KEY (`id`),
  UNIQUE KEY `index_friendly_id_slugs_on_slug_and_sluggable_type_and_scope` (`slug`,`sluggable_type`,`scope`),
  KEY `index_friendly_id_slugs_on_sluggable_id` (`sluggable_id`),
  KEY `index_friendly_id_slugs_on_slug_and_sluggable_type` (`slug`,`sluggable_type`),
  KEY `index_friendly_id_slugs_on_sluggable_type` (`sluggable_type`)
) ENGINE=InnoDB DEFAULT CHARSET=utf8;
/*!40101 SET character_set_client = @saved_cs_client */;

--
-- Dumping data for table `friendly_id_slugs`
--

LOCK TABLES `friendly_id_slugs` WRITE;
/*!40000 ALTER TABLE `friendly_id_slugs` DISABLE KEYS */;
/*!40000 ALTER TABLE `friendly_id_slugs` ENABLE KEYS */;
UNLOCK TABLES;

--
-- Table structure for table `jury_ratings`
--

DROP TABLE IF EXISTS `jury_ratings`;
/*!40101 SET @saved_cs_client     = @@character_set_client */;
/*!40101 SET character_set_client = utf8 */;
CREATE TABLE `jury_ratings` (
  `id` int(11) NOT NULL AUTO_INCREMENT,
  `user_id` int(11) DEFAULT NULL,
  `competition_photo_id` int(11) DEFAULT NULL,
  `created_at` datetime DEFAULT NULL,
  `updated_at` datetime DEFAULT NULL,
  `rating` float DEFAULT NULL,
  PRIMARY KEY (`id`),
  KEY `index_jury_ratings_on_user_id` (`user_id`),
  KEY `index_jury_ratings_on_competition_photo_id` (`competition_photo_id`)
) ENGINE=InnoDB AUTO_INCREMENT=226 DEFAULT CHARSET=utf8;
/*!40101 SET character_set_client = @saved_cs_client */;

--
-- Dumping data for table `jury_ratings`
--

LOCK TABLES `jury_ratings` WRITE;
/*!40000 ALTER TABLE `jury_ratings` DISABLE KEYS */;
INSERT INTO `jury_ratings` VALUES (1,1,1,'2014-05-13 02:37:34','2014-06-10 05:10:20',3.5),(2,1,2,'2014-05-13 02:37:41','2014-05-13 04:06:40',3.26),(3,1,3,'2014-05-14 12:58:21','2014-05-14 12:58:21',7.5),(14,1,16,'2014-10-16 08:52:16','2014-10-17 14:35:23',5.5),(15,6,14,'2014-10-18 16:46:36','2014-10-20 03:18:18',3),(16,6,19,'2014-10-20 03:13:43','2014-10-20 03:13:43',10),(17,6,18,'2014-10-20 03:13:55','2014-10-20 03:13:55',9.5),(18,6,25,'2014-10-20 03:15:07','2014-10-20 03:15:08',7.5),(19,6,31,'2014-10-20 03:15:38','2014-10-20 03:15:38',8.5),(20,6,32,'2014-10-20 03:15:51','2014-10-20 03:15:51',7),(21,6,34,'2014-10-20 03:16:05','2014-10-20 03:16:05',3),(22,6,33,'2014-10-20 03:16:42','2014-10-20 03:16:43',3.5),(23,6,30,'2014-10-20 03:17:03','2014-10-20 03:17:03',8),(24,6,17,'2014-10-20 03:17:37','2014-10-20 03:17:38',5.5),(25,6,16,'2014-10-20 03:17:58','2014-10-20 03:17:58',4),(26,6,15,'2014-10-20 03:18:11','2014-10-20 03:18:11',4),(27,6,20,'2014-10-20 03:18:26','2014-10-20 03:18:31',6),(28,6,22,'2014-10-20 03:18:47','2014-10-20 03:18:47',6),(29,6,23,'2014-10-20 03:18:55','2014-10-20 03:18:55',6.5),(30,6,24,'2014-10-20 03:19:26','2014-10-20 03:19:27',6),(31,6,26,'2014-10-20 03:20:11','2014-10-20 03:20:11',7),(32,6,27,'2014-10-20 03:20:24','2014-10-20 03:20:26',3.5),(33,6,28,'2014-10-20 03:20:39','2014-10-20 03:20:42',4),(34,6,29,'2014-10-20 03:20:53','2014-10-20 03:20:53',5.5),(35,6,35,'2014-10-20 03:21:17','2014-10-20 03:21:17',4),(36,6,36,'2014-10-20 03:21:26','2014-10-20 03:21:26',6),(37,6,37,'2014-10-20 03:21:40','2014-10-20 03:21:40',6),(38,6,38,'2014-10-20 03:21:54','2014-10-20 03:21:54',6.5),(39,6,39,'2014-10-20 03:21:59','2014-10-20 03:21:59',8.5),(40,6,40,'2014-10-20 03:22:16','2014-10-20 03:22:16',8),(41,6,41,'2014-10-20 03:22:32','2014-10-20 03:22:34',7.5),(42,6,42,'2014-10-20 03:22:49','2014-10-20 03:22:49',7.5),(43,6,43,'2014-10-20 03:22:59','2014-10-20 03:22:59',9),(44,6,45,'2014-10-20 03:23:07','2014-10-20 03:23:07',8),(45,6,49,'2014-10-20 03:23:20','2014-10-20 03:23:21',5.5),(46,6,50,'2014-10-20 03:23:31','2014-10-20 03:23:44',7.5),(47,6,51,'2014-10-20 03:23:39','2014-10-20 03:23:42',7),(48,6,52,'2014-10-20 03:23:58','2014-10-20 03:23:58',8),(49,6,53,'2014-10-20 03:24:07','2014-10-20 03:24:07',5),(50,6,54,'2014-10-20 03:24:20','2014-10-20 03:24:39',6.5),(51,6,55,'2014-10-20 03:24:30','2014-10-20 03:24:30',5.5),(52,6,58,'2014-10-20 03:24:53','2014-10-20 03:24:53',4),(53,6,59,'2014-10-20 03:25:01','2014-10-20 03:25:02',6.5),(54,6,60,'2014-10-20 03:25:17','2014-10-20 03:25:17',5),(55,6,61,'2014-10-20 03:25:34','2014-10-20 03:25:36',5),(56,6,62,'2014-10-20 03:25:47','2014-10-20 03:25:50',7.5),(57,6,63,'2014-10-20 03:25:58','2014-10-20 03:25:58',4.5),(58,6,64,'2014-10-20 03:26:12','2014-10-20 03:26:12',5),(59,6,65,'2014-10-20 03:26:22','2014-10-20 03:26:22',3.5),(60,6,66,'2014-10-20 03:26:28','2014-10-20 03:26:28',3),(61,6,67,'2014-10-20 03:26:45','2014-10-20 03:26:45',3.5),(62,6,68,'2014-10-20 03:26:57','2014-10-20 03:26:57',7),(63,6,69,'2014-10-20 03:27:10','2014-10-20 03:27:10',6.5),(64,6,70,'2014-10-20 03:27:40','2014-10-20 03:27:44',1.5),(65,6,71,'2014-10-20 03:27:57','2014-10-20 03:27:57',6),(66,6,72,'2014-10-20 03:28:05','2014-10-20 03:28:15',6.5),(67,6,73,'2014-10-20 03:28:12','2014-10-20 03:28:19',5),(68,20,14,'2014-10-20 04:11:08','2014-10-20 04:11:08',2),(69,20,15,'2014-10-20 04:11:11','2014-10-20 04:11:11',2),(70,20,16,'2014-10-20 04:11:12','2014-10-20 04:11:13',1.5),(71,20,18,'2014-10-20 04:11:36','2014-10-20 04:11:46',7),(72,20,19,'2014-10-20 04:11:44','2014-10-20 04:11:47',7),(73,20,20,'2014-10-20 04:12:10','2014-10-20 04:12:10',3),(74,20,22,'2014-10-20 04:12:21','2014-10-20 04:12:21',5.5),(75,20,23,'2014-10-20 04:12:29','2014-10-20 04:12:30',3),(76,20,24,'2014-10-20 04:12:38','2014-10-20 04:12:39',3),(77,20,25,'2014-10-20 04:13:44','2014-10-20 04:13:47',7),(78,20,26,'2014-10-20 04:13:49','2014-10-20 04:13:50',1),(79,20,27,'2014-10-20 04:13:52','2014-10-20 04:13:52',1),(80,20,28,'2014-10-20 04:14:09','2014-10-20 04:14:11',4),(81,20,29,'2014-10-20 04:14:15','2014-10-20 04:14:15',1.5),(82,20,30,'2014-10-20 04:14:19','2014-10-21 00:08:00',9),(83,20,31,'2014-10-20 04:14:32','2014-10-20 04:14:34',4),(84,20,32,'2014-10-20 04:14:37','2014-10-20 04:14:37',7),(85,20,33,'2014-10-20 04:14:39','2014-10-20 04:14:40',3),(86,20,34,'2014-10-20 04:14:50','2014-10-20 04:14:50',3),(87,20,35,'2014-10-20 04:15:04','2014-10-20 04:15:04',2),(88,20,36,'2014-10-20 04:15:06','2014-10-20 04:15:07',2),(89,20,37,'2014-10-20 04:15:11','2014-10-20 04:15:11',8),(90,20,38,'2014-10-20 04:15:14','2014-10-20 04:15:14',3),(91,20,39,'2014-10-20 04:15:23','2014-10-20 04:15:24',4),(92,20,40,'2014-10-20 04:15:50','2014-10-20 04:15:50',3),(93,20,41,'2014-10-20 04:15:52','2014-10-20 04:15:52',3),(94,20,42,'2014-10-20 04:16:05','2014-10-20 04:16:05',7),(95,20,43,'2014-10-20 04:16:15','2014-10-20 04:16:15',6),(96,20,45,'2014-10-20 04:16:18','2014-10-20 04:16:19',6),(97,20,49,'2014-10-20 04:16:27','2014-10-20 04:16:27',2),(98,20,50,'2014-10-20 04:16:29','2014-10-20 04:16:29',2),(99,20,51,'2014-10-20 04:16:34','2014-10-20 04:16:34',7),(100,20,52,'2014-10-20 04:16:38','2014-10-20 04:16:38',2),(101,20,53,'2014-10-20 04:16:40','2014-10-20 04:16:40',2),(102,20,54,'2014-10-20 04:16:45','2014-10-20 04:16:46',4),(103,20,55,'2014-10-20 04:16:48','2014-10-20 04:16:48',2),(104,20,58,'2014-10-20 04:16:59','2014-10-20 04:16:59',7),(105,20,59,'2014-10-20 04:17:11','2014-10-20 04:17:11',4),(106,20,60,'2014-10-20 04:17:14','2014-10-20 04:17:14',2),(107,20,61,'2014-10-20 04:17:30','2014-10-20 04:17:30',2),(108,20,62,'2014-10-20 04:17:39','2014-10-20 04:17:39',5),(109,20,63,'2014-10-20 04:17:42','2014-10-20 04:17:42',2),(110,20,64,'2014-10-20 04:17:51','2014-10-20 04:17:52',3),(111,20,65,'2014-10-20 04:17:55','2014-10-20 04:17:55',2),(112,20,66,'2014-10-20 04:17:56','2014-10-20 04:17:57',1.5),(113,20,67,'2014-10-20 04:18:00','2014-10-20 04:18:00',2),(114,20,68,'2014-10-20 04:18:02','2014-10-20 04:18:02',2),(115,20,69,'2014-10-20 04:18:04','2014-10-20 04:18:05',2),(116,20,70,'2014-10-20 04:18:06','2014-10-20 04:18:06',2),(117,20,71,'2014-10-20 04:18:21','2014-10-20 04:18:21',6),(118,20,72,'2014-10-20 04:18:29','2014-10-20 04:18:29',3),(119,20,73,'2014-10-20 04:18:38','2014-10-20 04:18:38',4),(120,20,17,'2014-10-20 04:28:43','2014-10-20 04:28:43',1.5),(121,1,14,'2014-10-20 06:25:39','2014-10-20 06:25:39',4),(122,1,15,'2014-10-20 06:25:44','2014-10-20 06:25:46',4),(123,1,17,'2014-10-20 06:26:01','2014-10-20 06:26:01',7),(124,1,18,'2014-10-20 06:26:04','2014-10-20 06:26:14',7.5),(125,1,19,'2014-10-20 06:26:29','2014-10-20 06:26:29',7),(126,1,20,'2014-10-20 06:26:31','2014-10-20 06:26:31',5),(127,1,22,'2014-10-20 06:26:38','2014-10-20 06:26:38',4),(128,1,23,'2014-10-20 06:26:41','2014-10-20 06:26:41',6),(129,1,24,'2014-10-20 06:26:49','2014-10-20 06:26:49',5),(130,1,25,'2014-10-20 06:26:57','2014-10-20 06:27:00',6),(131,1,26,'2014-10-20 06:27:17','2014-10-20 06:27:18',5),(132,1,27,'2014-10-20 06:27:21','2014-10-20 06:27:21',5),(133,1,28,'2014-10-20 06:27:23','2014-10-20 06:27:23',7),(134,1,29,'2014-10-20 06:27:26','2014-10-20 06:27:27',4),(135,1,30,'2014-10-20 06:27:29','2014-10-20 06:27:36',6.5),(136,1,31,'2014-10-20 06:27:40','2014-10-20 06:27:40',4.5),(137,1,32,'2014-10-20 06:27:42','2014-10-20 06:27:42',4.5),(138,1,33,'2014-10-20 06:27:44','2014-10-20 06:27:44',4),(139,1,34,'2014-10-20 06:27:53','2014-10-20 06:27:53',5),(140,1,35,'2014-10-20 06:28:01','2014-10-20 06:28:01',7.5),(141,1,36,'2014-10-20 06:28:05','2014-10-20 06:28:07',6.5),(142,1,37,'2014-10-20 06:28:09','2014-10-20 06:28:11',6.5),(143,1,38,'2014-10-20 06:28:13','2014-10-20 06:28:16',4),(144,1,39,'2014-10-20 06:28:23','2014-10-20 06:28:24',6),(145,1,40,'2014-10-20 06:28:37','2014-10-20 06:28:37',4.5),(146,1,41,'2014-10-20 06:28:50','2014-10-20 06:28:50',5),(147,1,42,'2014-10-20 06:29:01','2014-10-20 06:29:01',9),(148,1,43,'2014-10-20 06:29:17','2014-10-20 06:29:17',5.5),(149,1,45,'2014-10-20 06:29:20','2014-10-20 06:29:20',5),(150,1,49,'2014-10-20 06:29:52','2014-10-20 06:29:52',6.5),(151,1,50,'2014-10-20 06:29:55','2014-10-20 06:29:55',6.5),(152,1,51,'2014-10-20 06:29:58','2014-10-20 06:29:58',6.5),(153,1,52,'2014-10-20 06:30:02','2014-10-20 06:30:02',6.5),(154,1,53,'2014-10-20 06:30:07','2014-10-20 06:30:07',6.5),(155,1,54,'2014-10-20 06:30:11','2014-10-20 06:30:12',6.5),(156,1,55,'2014-10-20 06:30:15','2014-10-20 06:30:16',5),(157,1,58,'2014-10-20 06:30:19','2014-10-20 06:30:19',7),(158,1,59,'2014-10-20 06:30:23','2014-10-20 06:30:23',6.5),(159,1,60,'2014-10-20 06:30:26','2014-10-20 06:30:26',5.5),(160,1,61,'2014-10-20 06:30:39','2014-10-20 06:30:39',3.5),(161,1,62,'2014-10-20 06:30:43','2014-10-20 06:30:43',6),(162,1,63,'2014-10-20 06:30:45','2014-10-20 06:30:45',5),(163,1,64,'2014-10-20 06:30:48','2014-10-20 06:30:48',4.5),(164,1,65,'2014-10-20 06:30:51','2014-10-20 06:30:51',5.5),(165,1,66,'2014-10-20 06:30:55','2014-10-20 06:30:55',5),(166,1,67,'2014-10-20 06:31:00','2014-10-20 06:31:02',4),(167,1,68,'2014-10-20 06:31:16','2014-10-20 06:31:16',4.5),(168,1,69,'2014-10-20 06:31:18','2014-10-20 06:31:18',5),(169,1,70,'2014-10-20 06:31:20','2014-10-20 06:31:20',4),(170,1,71,'2014-10-20 06:31:30','2014-10-20 06:31:31',8),(171,1,72,'2014-10-20 06:31:40','2014-10-20 06:31:41',7.5),(172,1,73,'2014-10-20 06:31:43','2014-10-20 06:31:43',7),(173,23,15,'2014-10-20 12:51:53','2014-10-20 12:52:05',4),(174,23,16,'2014-10-20 12:52:28','2014-10-20 12:52:29',5),(175,23,17,'2014-10-20 12:52:56','2014-10-20 12:52:56',5),(176,23,18,'2014-10-20 12:53:15','2014-10-20 12:53:17',6),(177,23,19,'2014-10-20 12:53:46','2014-10-20 12:53:47',5),(178,23,20,'2014-10-20 12:54:18','2014-10-20 12:54:18',6),(179,23,22,'2014-10-20 12:54:46','2014-10-20 12:54:49',5),(180,23,23,'2014-10-20 12:55:10','2014-10-20 12:55:10',6),(181,23,24,'2014-10-20 12:55:25','2014-10-20 12:55:25',4),(182,23,14,'2014-10-20 12:55:39','2014-10-20 12:55:41',6),(183,23,25,'2014-10-20 12:56:13','2014-10-20 12:56:15',7),(184,23,26,'2014-10-20 12:56:29','2014-10-20 12:56:29',4),(185,23,27,'2014-10-20 12:56:46','2014-10-20 12:56:46',4),(186,23,28,'2014-10-20 12:57:07','2014-10-20 12:57:07',6),(187,23,29,'2014-10-20 12:57:23','2014-10-20 12:57:25',5),(188,23,30,'2014-10-20 12:57:41','2014-10-20 12:57:43',6),(189,23,31,'2014-10-20 12:58:02','2014-10-20 12:58:02',7),(190,23,32,'2014-10-20 12:58:24','2014-10-20 12:58:25',6.5),(191,23,33,'2014-10-20 12:58:41','2014-10-20 12:58:41',4),(192,23,35,'2014-10-20 12:59:22','2014-10-20 12:59:22',5.5),(193,23,36,'2014-10-20 12:59:36','2014-10-20 12:59:49',10),(194,23,37,'2014-10-20 13:00:05','2014-10-20 13:00:09',5),(195,23,38,'2014-10-20 13:00:27','2014-10-20 13:00:29',5),(196,23,39,'2014-10-20 13:00:46','2014-10-20 13:00:48',7),(197,23,40,'2014-10-20 13:01:10','2014-10-20 13:01:10',6.5),(198,23,41,'2014-10-20 13:01:27','2014-10-20 13:01:28',4),(199,23,42,'2014-10-20 13:01:44','2014-10-20 13:01:45',10),(200,23,43,'2014-10-20 13:02:13','2014-10-20 13:02:13',8),(201,23,45,'2014-10-20 13:02:41','2014-10-20 13:02:45',6.5),(202,23,49,'2014-10-20 13:03:14','2014-10-20 13:03:15',4),(203,23,50,'2014-10-20 13:03:30','2014-10-20 13:03:52',8.5),(204,23,51,'2014-10-20 13:04:10','2014-10-20 13:04:11',7),(205,23,52,'2014-10-20 13:04:26','2014-10-20 13:04:26',6),(206,23,53,'2014-10-20 13:04:46','2014-10-20 13:04:46',7),(207,23,54,'2014-10-20 13:05:01','2014-10-20 13:05:05',5.5),(208,23,58,'2014-10-20 13:05:20','2014-10-20 13:05:36',10),(209,23,55,'2014-10-20 13:05:40','2014-10-20 13:05:40',4),(210,23,59,'2014-10-20 13:05:58','2014-10-20 13:05:59',7),(211,23,60,'2014-10-20 13:06:15','2014-10-20 13:06:17',5),(212,23,61,'2014-10-20 13:06:42','2014-10-20 13:06:44',4),(213,23,62,'2014-10-20 13:06:57','2014-10-20 13:06:59',5),(214,23,63,'2014-10-20 13:07:16','2014-10-20 13:07:17',4),(215,23,64,'2014-10-20 13:07:30','2014-10-20 13:07:32',4),(216,23,65,'2014-10-20 13:07:47','2014-10-20 13:07:47',3),(217,23,66,'2014-10-20 13:08:12','2014-10-20 13:08:14',3),(218,23,67,'2014-10-20 13:08:34','2014-10-20 13:08:36',4.5),(219,23,68,'2014-10-20 13:08:49','2014-10-20 13:08:49',4),(220,23,69,'2014-10-20 13:09:06','2014-10-20 13:09:13',6),(221,23,70,'2014-10-20 13:09:24','2014-10-20 13:09:25',3),(222,23,71,'2014-10-20 13:09:52','2014-10-20 13:10:00',5.5),(223,23,72,'2014-10-20 13:10:17','2014-10-20 13:11:00',8),(224,23,73,'2014-10-20 13:10:47','2014-10-20 13:11:02',8),(225,23,34,'2014-10-20 15:03:10','2014-10-20 15:03:11',4);
/*!40000 ALTER TABLE `jury_ratings` ENABLE KEYS */;
UNLOCK TABLES;

--
-- Table structure for table `letter_people`
--

DROP TABLE IF EXISTS `letter_people`;
/*!40101 SET @saved_cs_client     = @@character_set_client */;
/*!40101 SET character_set_client = utf8 */;
CREATE TABLE `letter_people` (
  `id` int(11) NOT NULL AUTO_INCREMENT,
  `letter_id` int(11) DEFAULT NULL,
  `user_id` int(11) DEFAULT NULL,
  `created_at` datetime DEFAULT NULL,
  `updated_at` datetime DEFAULT NULL,
  PRIMARY KEY (`id`),
  KEY `index_letter_people_on_letter_id` (`letter_id`),
  KEY `index_letter_people_on_user_id` (`user_id`)
) ENGINE=InnoDB AUTO_INCREMENT=124 DEFAULT CHARSET=utf8;
/*!40101 SET character_set_client = @saved_cs_client */;

--
-- Dumping data for table `letter_people`
--

LOCK TABLES `letter_people` WRITE;
/*!40000 ALTER TABLE `letter_people` DISABLE KEYS */;
INSERT INTO `letter_people` VALUES (1,1,1,'2014-04-20 16:09:28','2014-04-20 16:09:28'),(2,2,6,'2014-04-28 08:24:09','2014-04-28 08:24:09'),(4,4,1,'2014-06-29 17:28:28','2014-06-29 17:28:28'),(5,NULL,1,'2014-06-29 18:29:33','2014-06-29 18:29:33'),(6,5,1,'2014-06-29 18:30:34','2014-06-29 18:30:34'),(7,NULL,1,'2014-06-29 18:34:52','2014-06-29 18:34:52'),(8,6,1,'2014-06-29 18:36:00','2014-06-29 18:36:00'),(9,7,1,'2014-06-29 19:00:16','2014-06-29 19:00:16'),(10,8,1,'2014-07-03 08:48:39','2014-07-03 08:48:39'),(11,9,1,'2014-07-03 08:49:43','2014-07-03 08:49:43'),(12,10,1,'2014-07-03 09:14:22','2014-07-03 09:14:22'),(13,11,1,'2014-07-03 09:16:42','2014-07-03 09:16:42'),(14,12,1,'2014-07-04 06:49:41','2014-07-04 06:49:41'),(15,13,6,'2014-07-16 09:03:53','2014-07-16 09:03:53'),(17,15,1,'2014-09-05 16:17:12','2014-09-05 16:17:12'),(18,16,6,'2014-09-06 09:46:37','2014-09-06 09:46:37'),(19,17,45,'2014-10-11 13:42:08','2014-10-11 13:42:08'),(20,18,1,'2014-10-12 13:12:04','2014-10-12 13:12:04'),(24,22,1,'2014-10-13 03:31:45','2014-10-13 03:31:45'),(25,23,6,'2014-10-13 03:37:24','2014-10-13 03:37:24'),(26,24,6,'2014-10-13 03:37:48','2014-10-13 03:37:48'),(27,25,1,'2014-10-13 03:40:57','2014-10-13 03:40:57'),(28,26,1,'2014-10-13 03:41:53','2014-10-13 03:41:53'),(31,29,1,'2014-10-13 07:06:30','2014-10-13 07:06:30'),(32,30,1,'2014-10-13 07:36:56','2014-10-13 07:36:56'),(33,31,1,'2014-10-13 07:40:05','2014-10-13 07:40:05'),(34,32,1,'2014-10-13 07:45:05','2014-10-13 07:45:05'),(35,33,55,'2014-10-13 07:52:36','2014-10-13 07:52:36'),(36,34,55,'2014-10-13 07:55:30','2014-10-13 07:55:30'),(37,35,55,'2014-10-13 08:00:01','2014-10-13 08:00:01'),(38,36,55,'2014-10-13 08:05:13','2014-10-13 08:05:13'),(39,37,1,'2014-10-13 08:05:49','2014-10-13 08:05:49'),(40,38,1,'2014-10-13 08:06:29','2014-10-13 08:06:29'),(41,39,55,'2014-10-13 08:08:31','2014-10-13 08:08:31'),(42,40,55,'2014-10-13 08:16:13','2014-10-13 08:16:13'),(43,41,1,'2014-10-13 08:16:58','2014-10-13 08:16:58'),(44,42,1,'2014-10-13 08:27:20','2014-10-13 08:27:20'),(45,43,1,'2014-10-13 08:59:50','2014-10-13 08:59:50'),(49,47,1,'2014-10-13 09:30:11','2014-10-13 09:30:11'),(51,49,55,'2014-10-13 11:36:22','2014-10-13 11:36:22'),(52,50,55,'2014-10-13 11:38:19','2014-10-13 11:38:19'),(53,51,55,'2014-10-13 11:42:32','2014-10-13 11:42:32'),(54,52,55,'2014-10-13 11:43:49','2014-10-13 11:43:49'),(55,53,55,'2014-10-13 13:09:28','2014-10-13 13:09:28'),(56,54,55,'2014-10-13 13:12:02','2014-10-13 13:12:02'),(61,59,13,'2014-10-15 04:21:55','2014-10-15 04:21:55'),(62,60,45,'2014-10-15 04:22:17','2014-10-15 04:22:17'),(63,61,57,'2014-10-15 04:22:33','2014-10-15 04:22:33'),(64,62,57,'2014-10-15 04:22:41','2014-10-15 04:22:41'),(65,63,61,'2014-10-15 04:23:05','2014-10-15 04:23:05'),(66,64,59,'2014-10-15 04:24:08','2014-10-15 04:24:08'),(67,65,29,'2014-10-15 05:09:59','2014-10-15 05:09:59'),(68,66,62,'2014-10-15 05:24:12','2014-10-15 05:24:12'),(69,67,62,'2014-10-15 10:20:06','2014-10-15 10:20:06'),(70,68,41,'2014-10-15 13:41:42','2014-10-15 13:41:42'),(71,69,64,'2014-10-15 15:43:10','2014-10-15 15:43:10'),(72,70,33,'2014-10-15 16:57:30','2014-10-15 16:57:30'),(73,71,50,'2014-10-16 09:02:35','2014-10-16 09:02:35'),(74,72,65,'2014-10-16 10:33:04','2014-10-16 10:33:04'),(75,73,22,'2014-10-16 12:40:31','2014-10-16 12:40:31'),(76,74,51,'2014-10-16 15:06:07','2014-10-16 15:06:07'),(79,77,16,'2014-10-16 17:07:35','2014-10-16 17:07:35'),(80,78,66,'2014-10-17 03:41:07','2014-10-17 03:41:07'),(81,79,6,'2014-10-17 12:54:15','2014-10-17 12:54:15'),(82,80,68,'2014-10-17 12:58:26','2014-10-17 12:58:26'),(83,81,67,'2014-10-17 12:58:44','2014-10-17 12:58:44'),(84,82,1,'2014-10-18 16:33:59','2014-10-18 16:33:59'),(102,100,65,'2014-11-19 05:49:52','2014-11-19 05:49:52'),(103,101,65,'2014-11-19 05:49:52','2014-11-19 05:49:52'),(104,103,65,'2014-11-19 05:49:54','2014-11-19 05:49:54'),(105,102,65,'2014-11-19 05:49:54','2014-11-19 05:49:54'),(106,104,92,'2014-11-19 05:49:54','2014-11-19 05:49:54'),(107,105,100,'2014-11-19 05:49:55','2014-11-19 05:49:55'),(108,106,100,'2014-11-19 05:49:55','2014-11-19 05:49:55'),(109,107,105,'2014-11-19 09:59:42','2014-11-19 09:59:42'),(110,108,105,'2014-11-19 13:22:03','2014-11-19 13:22:03'),(111,109,1,'2014-11-19 14:18:15','2014-11-19 14:18:15'),(112,110,1,'2014-11-19 14:19:49','2014-11-19 14:19:49'),(113,111,1,'2014-11-19 14:22:55','2014-11-19 14:22:55'),(114,112,1,'2014-11-19 14:23:50','2014-11-19 14:23:50'),(115,113,1,'2014-11-19 14:28:25','2014-11-19 14:28:25'),(116,114,1,'2014-11-19 14:32:37','2014-11-19 14:32:37'),(117,115,1,'2014-11-19 14:35:24','2014-11-19 14:35:24'),(118,116,1,'2014-11-19 15:54:19','2014-11-19 15:54:19'),(119,117,1,'2014-11-19 15:58:45','2014-11-19 15:58:45'),(120,118,6,'2014-11-19 16:16:40','2014-11-19 16:16:40'),(121,119,1,'2014-11-20 01:22:15','2014-11-20 01:22:15'),(122,120,1,'2014-11-20 01:30:29','2014-11-20 01:30:29'),(123,121,1,'2014-11-20 04:00:23','2014-11-20 04:00:23');
/*!40000 ALTER TABLE `letter_people` ENABLE KEYS */;
UNLOCK TABLES;

--
-- Table structure for table `letters`
--

DROP TABLE IF EXISTS `letters`;
/*!40101 SET @saved_cs_client     = @@character_set_client */;
/*!40101 SET character_set_client = utf8 */;
CREATE TABLE `letters` (
  `id` int(11) NOT NULL AUTO_INCREMENT,
  `title` varchar(255) DEFAULT NULL,
  `content` text,
  `user_id` int(11) DEFAULT NULL,
  `created_at` datetime DEFAULT NULL,
  `updated_at` datetime DEFAULT NULL,
  `seen` tinyint(1) DEFAULT '0',
  `comments_count` int(11) DEFAULT NULL,
  PRIMARY KEY (`id`)
) ENGINE=InnoDB AUTO_INCREMENT=122 DEFAULT CHARSET=utf8;
/*!40101 SET character_set_client = @saved_cs_client */;

--
-- Dumping data for table `letters`
--

LOCK TABLES `letters` WRITE;
/*!40000 ALTER TABLE `letters` DISABLE KEYS */;
INSERT INTO `letters` VALUES (1,'Что такое облако?','В профиле пользователя появилась новая ссылка - облако... Напомни мне плиз что это такое?',6,'2014-04-20 16:09:27','2014-04-20 16:09:56',1,NULL),(4,'Обратный порядок.','Оказалось, что последние фотографии так же нуждаются в обратном порядке. Так же нужно в администрировании пользователей везде выводить помимо имени еще и фамилию. Сообщи каким нить способом, что прочитал. Продублирую в Вибер.',6,'2014-06-29 17:28:28','2014-07-03 08:51:33',1,NULL),(5,'Еще проблемы','Так же время не верно отображается - не тот часовой пояс.\r\nЕще проблема, до многих письма подтверждения не доходят.... видимо причина в корявом обратном адресе. точно не приходят на mail.ru и на bk.ru',6,'2014-06-29 18:29:33','2014-06-29 18:30:34',1,NULL),(6,'Глюк','Это конечно круто что можно редактировать отправленные сообщения. Только наверное нужно ограничить возможность до прочтения. Глюк же в том, что после самостоятельного просмотра или его редактирования исходящего сообщения оно становится прочитанным.',6,'2014-06-29 18:34:52','2014-06-29 18:36:00',1,NULL),(7,'активация','надо сделать активацию пользователя администратором.',6,'2014-06-29 19:00:16','2014-07-03 08:50:27',1,NULL),(8,'Галереи','Надо все таки что бы не путаться переименовать Альбомы в Галереи, где это возможно. Второе к Галерее помимо название нужно добавить описание,  обязательно, его сильно не хватает. Еще Крайне не удобно отмечать фотокарточки плюсиком добавляя их в ту или иную галерею.. это не срочно но блин если там будет херова туча кадров это убиться веников надо, тем более что не видно какие уже там (а галерее) а какие еще не отметил.  Еще нужно придумать что бы была возможность к некоторым галереям прикрепить автора (не того кто создал, а производного)',6,'2014-07-03 08:48:39','2014-07-03 08:49:52',1,NULL),(9,'Про написание писем','Когда в поле адресаты пишешь автора... в общем надо бы сканировать по трем полям (помимо имени, как это сейчас делается, еще и фамилия и никнейм.',6,'2014-07-03 08:49:43','2014-07-03 16:35:35',1,NULL),(10,'Про модерацию фотографий.','Что-то глазик не работает.. т.е. выкалываю его.. а кадр все равно показывается всем. Единственное изменение - у фотографии у которой глаз выкалываю - она в списке модерации показывается самой верхней.',6,'2014-07-03 09:14:22','2014-07-03 16:44:09',1,NULL),(11,'Какая то херь с письмами...','Письма блин странным образом то снанвятся прочитанными, то нет... более того вот сейчас херь вообще случилась.. они изменили свои даты написания.. как то странно.',6,'2014-07-03 09:16:42','2014-07-03 16:03:54',1,NULL),(12,'Про права доступа','но вот какая херь выяснилась.. после регистрации и соответственно входа обычного пользователя. я решил проверить что ему доступно.. жмакнул на фото на первой странице сайта - открылась.. там автор, перешел по ссылке автора в его портфолио.. открыл фотографии.. виден список фотографий. но нажимая на любую из них перебрасывает на первую страницу сайта.. какой то глюк не хороший.',6,'2014-07-04 06:49:41','2014-07-04 06:59:46',1,NULL),(13,'Коменты','Починил',1,'2014-07-16 09:03:53','2014-07-17 17:57:24',1,NULL),(15,'Что тестировал то?','Странным образом мне пришло письмо \"Тест\" от тебя. я попробовал написать коммент к нему - вышла ошибка и письмо стало не от тебя а от меня внезапно.. как то странно. :)',1,'2014-09-05 16:17:12','2014-09-06 04:03:44',1,NULL),(16,'Тестирую отправку писем из профиля другого пользователя','',1,'2014-09-06 09:46:37','2014-10-09 07:33:58',1,NULL),(17,'Про дату рождения','Миша, привет еще раз. Вижу зарегистрировался.  На сайте реализована система возрастных ограничений, согласно законам РФ, поэтому увы вынуждены в самом движке предусмотреть такую закарюку. В связи с этим, что бы видеть все что свыше 14+ нужно указать свою дату рождения, хоть она и не обязательна. :)',6,'2014-10-11 13:42:08','2014-10-11 15:37:57',1,NULL),(18,'Блиц-конкурс \"Пейзаж\"','Изменение статуса заявки: Заявка утверждена..  ',1,'2014-10-12 13:12:02','2014-10-13 02:26:39',1,NULL),(22,'Блиц-конкурс \"Пейзаж\"','Изменение статуса заявки: Отказ. Не выполнены условия участия..  ',6,'2014-10-13 03:31:44','2014-10-13 03:31:44',0,NULL),(23,'Тест','Изменение статуса заявки: Заявка утверждена.. Короче нельзя участвовать, если сам в жюри! :) обламайся. ',1,'2014-10-13 03:37:24','2014-10-13 04:07:00',1,NULL),(24,'Тест','Изменение статуса заявки: Отказ. Участие не оплачено.. Короче нельзя участвовать, если сам в жюри! :) обламайся. ',1,'2014-10-13 03:37:48','2014-10-13 04:07:18',1,NULL),(25,'Блиц-конкурс \"Пейзаж\"','Изменение статуса заявки: Забанен.  ',1,'2014-10-13 03:40:57','2014-10-13 03:40:57',0,NULL),(26,'Блиц-конкурс \"Пейзаж\"','Изменение статуса заявки: Отказ. Участие не оплачено..  ',1,'2014-10-13 03:41:53','2014-10-13 03:41:53',0,NULL),(29,'Тест','Изменение статуса заявки: Заявка утверждена.. Спасибо за участие! :) ',1,'2014-10-13 07:06:30','2014-10-13 07:06:30',0,NULL),(30,'Блиц-конкурс \"Пейзаж\"','Изменение статуса заявки: Заявка утверждена..  ',1,'2014-10-13 07:36:56','2014-10-13 07:36:56',0,NULL),(31,'Блиц-конкурс \"Пейзаж\"','Изменение статуса заявки: Отказ. Участие не оплачено..  ',1,'2014-10-13 07:40:05','2014-10-13 07:40:05',0,NULL),(32,'Блиц-конкурс \"Пейзаж\"','Изменение статуса заявки: Заявка утверждена..  ',1,'2014-10-13 07:45:05','2014-10-13 07:45:05',0,NULL),(47,'Блиц-конкурс \"Пейзаж\"','Изменение статуса заявки: Отказ. Не выполнены условия участия..  ',6,'2014-10-13 09:30:11','2014-10-13 09:30:11',0,NULL),(59,'Пилотный конкурс \"Пейзаж\"','Изменение статуса заявки: Заявка утверждена.. Добро пожаловать, Саша! :) ',6,'2014-10-15 04:21:54','2014-10-16 02:41:32',1,NULL),(60,'Пилотный конкурс \"Пейзаж\"','Изменение статуса заявки: Заявка утверждена.. Добро пожаловать, Миша! :) ',6,'2014-10-15 04:22:16','2014-10-15 04:22:16',0,NULL),(61,'Пилотный конкурс \"Пейзаж\"','Изменение статуса заявки: Ожидает рассмотрения. Вэлкам! :) ',6,'2014-10-15 04:22:33','2014-10-15 04:22:33',0,NULL),(62,'Пилотный конкурс \"Пейзаж\"','Изменение статуса заявки: Заявка утверждена.. Вэлкам! :) ',6,'2014-10-15 04:22:40','2014-10-15 04:22:40',0,NULL),(63,'Пилотный конкурс \"Пейзаж\"','Изменение статуса заявки: Заявка утверждена.. Добро пожаловать! :) ',6,'2014-10-15 04:23:05','2014-10-15 04:23:05',0,NULL),(64,'Пилотный конкурс \"Пейзаж\"','Изменение статуса заявки: Отказ. Иная причина.. Ты же организатор! Какое участие то в конкурсе? :))) ',6,'2014-10-15 04:24:08','2014-11-19 13:00:42',1,NULL),(65,'Пилотный конкурс \"Пейзаж\"','Изменение статуса заявки: Заявка утверждена.. Вэлкам типа! :) ',6,'2014-10-15 05:09:59','2014-10-15 16:20:18',1,NULL),(66,'Повторы фотографий','Тимофей, привет, обрати внимание, у тебя было загружено 3 одинаковых фотографии. Наверное это случайно вышло, но возможно ты это делал сознательно, а может быть это ошибка сайта. Напиши пожалуйста как ты загружал фотографию с закатом. Лишние фотографии я удалил.',6,'2014-10-15 05:24:12','2014-10-15 05:36:16',1,NULL),(67,'Пилотный конкурс \"Пейзаж\"','Изменение статуса заявки: Заявка утверждена.. Вэлкам! :) ',6,'2014-10-15 10:20:05','2014-10-15 10:20:05',0,NULL),(68,'Пилотный конкурс \"Пейзаж\"','Изменение статуса заявки: Заявка утверждена.. А вот сейчас можно и фотографии загружать! :) ',6,'2014-10-15 13:41:41','2014-10-16 11:20:47',1,NULL),(69,'Пилотный конкурс \"Пейзаж\"','Изменение статуса заявки: Заявка утверждена.. Ознакомься и правилами ( http://domfoto72.ru/ru/competitions/pilotnyy-konkurs-peyzazh ) и вэлкам! :) ',6,'2014-10-15 15:43:10','2014-10-16 13:37:18',1,NULL),(70,'Пилотный конкурс \"Пейзаж\"','Изменение статуса заявки: Заявка утверждена.. Вэлкам, Дима! :) ',6,'2014-10-15 16:57:30','2014-10-15 16:57:30',0,NULL),(71,'Пилотный конкурс \"Пейзаж\"','Изменение статуса заявки: Заявка утверждена.. Вэлкам! ^) ',6,'2014-10-16 09:02:34','2014-10-16 09:02:34',0,NULL),(72,'Пилотный конкурс \"Пейзаж\"','Изменение статуса заявки: Заявка утверждена.. Добро пожаловать на конкурс! ',6,'2014-10-16 10:33:04','2014-10-16 10:34:03',1,NULL),(73,'Пилотный конкурс \"Пейзаж\"','Изменение статуса заявки: Заявка утверждена..  ',6,'2014-10-16 12:40:31','2014-10-17 12:41:34',1,NULL),(74,'Пилотный конкурс \"Пейзаж\"','Изменение статуса заявки: Заявка утверждена.. Вэлкам! :) ',6,'2014-10-16 15:06:06','2014-10-16 15:06:06',0,NULL),(77,'Пилотный конкурс \"Пейзаж\"','Изменение статуса заявки: Заявка утверждена.. Молоток! Успела! ',6,'2014-10-16 17:07:33','2014-10-18 14:29:06',1,NULL),(78,'Пилотный конкурс \"Пейзаж\"','Изменение статуса заявки: Заявка утверждена..  ',6,'2014-10-17 03:41:06','2014-11-19 01:54:35',1,NULL),(79,'Конкурс','Коля, привет. У меня из конкурсных фотографий пропали фотографии из природного пейзажа и одна из городского. Они не подошли? Вчера вроде были.',22,'2014-10-17 12:54:15','2014-10-18 16:31:54',1,NULL),(80,'Пилотный конкурс \"Пейзаж\"','Изменение статуса заявки: Заявка утверждена.. Вэлкам, Сергей! :) ',6,'2014-10-17 12:58:26','2014-10-17 14:52:22',1,NULL),(81,'Пилотный конкурс \"Пейзаж\"','Изменение статуса заявки: Заявка утверждена.. Добро пожаловать, на конкурс! ',6,'2014-10-17 12:58:44','2014-10-18 01:25:38',1,NULL),(82,'Пропали конкурсные фотографии','Людмила Цвиккер пишет: \"У меня из конкурсных фотографий пропали фотографии из природного пейзажа и одна из городского. Они не подошли? Вчера вроде были.\"',6,'2014-10-18 16:33:59','2014-11-19 01:54:07',1,NULL),(100,'1st International Photography Contest in Tyumen \"Fixage’ 2014\" (Iй Международный Фотоконкурс в Тюмени) FIAP','Изменение статуса заявки: Accepted. Вэлкам! :) ',6,'2014-11-19 05:49:52','2014-11-19 17:53:42',1,NULL),(101,'1st International Photography Contest in Tyumen \"Fixage’ 2014\" (Iй Международный Фотоконкурс в Тюмени) FIAP','Изменение статуса заявки: Accepted. Вэлкам! :) ',6,'2014-11-19 05:49:52','2014-11-19 17:53:48',1,NULL),(102,'1st International Photography Contest in Tyumen \"Fixage’ 2014\" (Iй Международный Фотоконкурс в Тюмени) FIAP','Изменение статуса заявки: Accepted. Вэлкам! :) ',6,'2014-11-19 05:49:54','2014-11-19 17:53:34',1,NULL),(103,'1st International Photography Contest in Tyumen \"Fixage’ 2014\" (Iй Международный Фотоконкурс в Тюмени) FIAP','Изменение статуса заявки: Accepted. Вэлкам! :) ',6,'2014-11-19 05:49:54','2014-11-19 17:53:18',1,NULL),(104,'1st International Photography Contest in Tyumen \"Fixage’ 2014\" (Iй Международный Фотоконкурс в Тюмени) FIAP','Изменение статуса заявки: Please pay money for participation.. Пожалуйста оплатите свое участие согласно правил конкурса,  Для сообщений кодов и данных отправителя сообщить в Оргкомитет\r\nпо телефону: +7 9044 99 87 55 или по e-mail fotoexpo72@mail.ru ',6,'2014-11-19 05:49:54','2014-11-19 05:49:54',0,NULL),(105,'1st International Photography Contest in Tyumen \"Fixage’ 2014\" (Iй Международный Фотоконкурс в Тюмени) FIAP','Изменение статуса заявки: Accepted. Добро пожаловать. ',6,'2014-11-19 05:49:54','2014-11-19 07:08:22',1,NULL),(106,'1st International Photography Contest in Tyumen \"Fixage’ 2014\" (Iй Международный Фотоконкурс в Тюмени) FIAP','Изменение статуса заявки: Accepted. Добро пожаловать. ',6,'2014-11-19 05:49:55','2014-11-19 07:07:57',1,NULL),(107,'Участие в конкурсе FIAP проводимом ТДФ','Здравствуйте, вы подали заявку на участие в конкурсе  1st International Photography Contest \"Fixage\'2014\".  Вы не выполнили все требования правил конкурса. Пожалуйста приведите в соответствие с правилами конкурса данные вашего аккаунта, а так же свяжитесь по вопросам оплаты за участие по телефону +7 3452 998755.  Положение о конкурсе: http://domfoto72.ru/ru/competitions/iy-mezhdunarodnyy-fotokonkurs-tyumen-2014    Инструкция по размещению фоторабот на конкурсе:  http://domfoto72.ru/ru/articles/instruktsiya-po-uchastiyu-v-konkurse-fiap-provodimom-tyumenskim-domom-fotografii',6,'2014-11-19 09:59:42','2014-11-19 10:04:22',1,NULL),(108,'1st International Photography Contest in Tyumen \"Fixage’ 2014\" (Iй Международный Фотоконкурс в Тюмени) FIAP','Изменение статуса заявки: Accepted. Добро пожаловать. ',6,'2014-11-19 13:22:02','2014-11-19 14:48:49',1,NULL),(109,'TEST','Изменение статуса заявки: Accepted.  ',1,'2014-11-19 14:18:15','2014-11-19 14:18:15',0,NULL),(110,'TEST','Изменение статуса заявки: Contest terms was not met.  ',1,'2014-11-19 14:19:49','2014-11-19 14:19:49',0,NULL),(111,'TEST','Изменение статуса заявки: Contest terms was not met.  ',1,'2014-11-19 14:22:55','2014-11-19 14:22:55',0,NULL),(112,'TEST','Изменение статуса заявки: Other reason. Contact admin.  ',1,'2014-11-19 14:23:50','2014-11-19 14:23:50',0,NULL),(113,'TEST','Изменение статуса заявки: Contest terms was not met.  ',1,'2014-11-19 14:28:25','2014-11-19 14:28:25',0,NULL),(114,'TEST','Изменение статуса заявки: Please pay money for participation..  ',1,'2014-11-19 14:32:37','2014-11-19 14:32:37',0,NULL),(115,'TEST','Изменение статуса заявки: Contest terms was not met.  ',1,'2014-11-19 14:35:24','2014-11-19 14:35:24',0,NULL),(116,'TEST','Изменение статуса заявки: Please pay money for participation..  ',1,'2014-11-19 15:54:19','2014-11-19 15:54:19',0,NULL),(117,'TEST','Изменение статуса заявки: Contest terms was not met.  ',1,'2014-11-19 15:58:45','2014-11-19 15:58:45',0,NULL),(118,'TEST','Изменение статуса заявки: Contest terms was not met. ыва выа ываываыа ыаы ыаыва ',6,'2014-11-19 16:16:40','2014-11-19 16:30:13',1,NULL),(119,'TEST','Изменение статуса заявки: Accepted.  ',1,'2014-11-20 01:22:15','2014-11-20 01:22:15',0,NULL),(120,'TEST','Изменение статуса заявки: Accepted.  ',1,'2014-11-20 01:30:29','2014-11-20 01:30:29',0,NULL),(121,'TEST','Изменение статуса заявки: Accepted.  ',1,'2014-11-20 04:00:23','2014-11-20 04:00:23',0,NULL);
/*!40000 ALTER TABLE `letters` ENABLE KEYS */;
UNLOCK TABLES;

--
-- Table structure for table `likes`
--

DROP TABLE IF EXISTS `likes`;
/*!40101 SET @saved_cs_client     = @@character_set_client */;
/*!40101 SET character_set_client = utf8 */;
CREATE TABLE `likes` (
  `id` int(11) NOT NULL AUTO_INCREMENT,
  `user_id` int(11) DEFAULT NULL,
  `competition_photo_id` int(11) DEFAULT NULL,
  `created_at` datetime DEFAULT NULL,
  `updated_at` datetime DEFAULT NULL,
  PRIMARY KEY (`id`),
  KEY `index_likes_on_user_id` (`user_id`),
  KEY `index_likes_on_competition_photo_id` (`competition_photo_id`)
) ENGINE=InnoDB AUTO_INCREMENT=14 DEFAULT CHARSET=utf8;
/*!40101 SET character_set_client = @saved_cs_client */;

--
-- Dumping data for table `likes`
--

LOCK TABLES `likes` WRITE;
/*!40000 ALTER TABLE `likes` DISABLE KEYS */;
INSERT INTO `likes` VALUES (2,6,1,'2014-10-13 03:50:06','2014-10-13 03:50:06'),(3,6,18,'2014-10-16 12:45:58','2014-10-16 12:45:58'),(4,6,19,'2014-10-16 12:46:00','2014-10-16 12:46:00'),(5,1,42,'2014-10-18 06:08:05','2014-10-18 06:08:05'),(6,1,37,'2014-10-18 10:44:05','2014-10-18 10:44:05'),(8,1,23,'2014-10-18 10:44:52','2014-10-18 10:44:52'),(9,6,39,'2014-10-20 02:51:29','2014-10-20 02:51:29'),(10,1,28,'2014-10-20 06:33:25','2014-10-20 06:33:25'),(11,1,58,'2014-10-20 06:33:34','2014-10-20 06:33:34'),(12,1,71,'2014-10-20 06:33:37','2014-10-20 06:33:37'),(13,1,72,'2014-10-20 06:34:03','2014-10-20 06:34:03');
/*!40000 ALTER TABLE `likes` ENABLE KEYS */;
UNLOCK TABLES;

--
-- Table structure for table `messages`
--

DROP TABLE IF EXISTS `messages`;
/*!40101 SET @saved_cs_client     = @@character_set_client */;
/*!40101 SET character_set_client = utf8 */;
CREATE TABLE `messages` (
  `id` int(11) NOT NULL AUTO_INCREMENT,
  `title` varchar(255) DEFAULT NULL,
  `content` text,
  `user_id` int(11) DEFAULT NULL,
  `created_at` datetime DEFAULT NULL,
  `updated_at` datetime DEFAULT NULL,
  `reason_id` int(11) DEFAULT NULL,
  `status_id` int(11) DEFAULT '0',
  PRIMARY KEY (`id`),
  KEY `index_messages_on_user_id` (`user_id`)
) ENGINE=InnoDB DEFAULT CHARSET=utf8;
/*!40101 SET character_set_client = @saved_cs_client */;

--
-- Dumping data for table `messages`
--

LOCK TABLES `messages` WRITE;
/*!40000 ALTER TABLE `messages` DISABLE KEYS */;
/*!40000 ALTER TABLE `messages` ENABLE KEYS */;
UNLOCK TABLES;

--
-- Table structure for table `photos`
--

DROP TABLE IF EXISTS `photos`;
/*!40101 SET @saved_cs_client     = @@character_set_client */;
/*!40101 SET character_set_client = utf8 */;
CREATE TABLE `photos` (
  `id` int(11) NOT NULL AUTO_INCREMENT,
  `title` varchar(255) DEFAULT NULL,
  `user_id` int(11) DEFAULT NULL,
  `image` varchar(255) DEFAULT NULL,
  `created_at` datetime DEFAULT NULL,
  `updated_at` datetime DEFAULT NULL,
  `topic_id` int(11) DEFAULT NULL,
  `published` tinyint(1) DEFAULT NULL,
  `destination_id` int(11) DEFAULT NULL,
  `seen` tinyint(1) DEFAULT '0',
  `deleted` tinyint(1) DEFAULT '0',
  `delayed_job_id` int(11) DEFAULT NULL,
  `age_policy_id` int(11) DEFAULT NULL,
  `author` varchar(255) DEFAULT NULL,
  `slug` varchar(255) DEFAULT NULL,
  `sidekiq_id` varchar(255) DEFAULT NULL,
  PRIMARY KEY (`id`),
  UNIQUE KEY `index_photos_on_slug` (`slug`),
  KEY `index_photos_on_user_id` (`user_id`),
  KEY `index_photos_on_topic_id` (`topic_id`),
  KEY `index_photos_on_destination_id` (`destination_id`),
  KEY `index_photos_on_age_policy_id` (`age_policy_id`)
) ENGINE=InnoDB AUTO_INCREMENT=297 DEFAULT CHARSET=utf8;
/*!40101 SET character_set_client = @saved_cs_client */;

--
-- Dumping data for table `photos`
--

LOCK TABLES `photos` WRITE;
/*!40000 ALTER TABLE `photos` DISABLE KEYS */;
INSERT INTO `photos` VALUES (2,'Счастливый билетик',6,'1226520086_tiket-6ff.jpg','2014-04-20 17:00:29','2014-11-06 06:08:44',6,1,0,1,0,NULL,3,NULL,'schastlivyy-biletik',NULL),(18,'Жизнь собачья. #1',6,'IMG_8359-bw-1k.jpg','2014-06-29 03:48:19','2014-11-06 06:07:24',6,1,0,1,0,NULL,3,NULL,'zhizn-sobachya-1',NULL),(19,'Однажды на лавочке',6,'IMG_5433-bw-web.jpg','2014-06-29 03:49:56','2014-11-06 06:09:13',6,1,0,1,0,NULL,3,NULL,'odnazhdy-na-lavochke',NULL),(20,'Пейзаж близ Кулаково. Три дороги.',6,'Kulakovo_sammer_way_9308-web.jpg','2014-06-29 03:52:52','2014-08-26 02:55:01',3,1,0,1,0,NULL,3,NULL,NULL,NULL),(21,'и...Яблоки...',6,'NTM_1259-shpv-apples-sq-1k.jpg','2014-06-29 03:59:50','2014-08-26 02:55:01',8,1,0,1,0,NULL,3,NULL,NULL,NULL),(22,'Архиметрия. #1',6,'IMG_7317-web.jpg','2014-06-29 04:06:57','2014-08-26 02:55:01',7,1,0,1,0,NULL,5,NULL,NULL,NULL),(23,'Третий день рождения',7,'20140615_181544_5_2.jpg','2014-06-29 16:10:14','2014-06-29 17:22:43',2,1,0,1,0,NULL,4,NULL,NULL,NULL),(24,'Выставка',7,'2014-04-07_15.41.57_1.jpg','2014-06-29 16:11:14','2014-06-29 17:21:46',6,1,0,1,0,NULL,4,NULL,NULL,NULL),(25,'Дочка',7,'2014-04-09_16.07.10_1.jpg','2014-06-29 16:12:12','2014-06-29 17:22:04',2,1,0,1,0,NULL,4,NULL,NULL,NULL),(26,'Автопортрет с дочерью',7,'20140430_143648_1_1.jpg','2014-06-29 16:14:09','2014-06-29 17:22:10',6,1,0,1,0,NULL,4,NULL,NULL,NULL),(27,'В гостях',7,'20140509_155944_4_1.jpg','2014-06-29 16:16:00','2014-06-29 17:22:17',6,1,0,1,0,NULL,4,NULL,NULL,NULL),(28,'Семейный портрет',7,'20140613_193033_4_1.jpg','2014-06-29 16:17:04','2014-07-03 16:32:24',6,1,0,1,0,NULL,4,NULL,NULL,NULL),(29,'Детский сон',7,'20140512_163528_1.jpg','2014-06-29 16:19:17','2014-06-29 17:22:37',6,1,0,1,0,NULL,4,NULL,NULL,NULL),(30,'Над тундрами Ямала',13,'_MG_7629.jpg','2014-06-30 15:24:57','2014-08-26 02:55:02',4,1,0,1,0,NULL,3,NULL,NULL,NULL),(31,'В вертолёте',13,'_MG_7688.jpg','2014-06-30 15:29:37','2014-08-26 02:55:02',4,1,0,1,0,NULL,3,NULL,NULL,NULL),(32,'Волонтёры за работой',13,'_MG_7970.jpg','2014-06-30 15:32:46','2014-08-26 02:55:02',4,1,0,1,0,NULL,3,NULL,NULL,NULL),(33,'Охотник за закатами',13,'_MG_8197.jpg','2014-06-30 15:35:12','2014-08-26 02:55:02',4,1,0,1,0,NULL,3,NULL,NULL,NULL),(34,'А что это здесь происходит?!',13,'_MG_8538.jpg','2014-06-30 15:40:07','2014-08-26 02:55:02',4,1,0,1,0,NULL,4,NULL,NULL,NULL),(35,'Спокойствие острова Белый',13,'_MG_8683.jpg','2014-06-30 15:44:30','2014-07-03 16:31:54',3,1,0,1,0,NULL,3,NULL,NULL,NULL),(37,'Игры. Дворовая команда. #1',6,'IMG_2545-bw-1k.jpg','2014-07-04 05:14:04','2014-11-06 10:26:28',6,1,0,1,0,NULL,3,NULL,'igry-dvorovaya-komanda-1',NULL),(38,'Ливень',40,'_DSC9635_700.jpg','2014-07-06 01:02:24','2014-08-26 02:55:02',6,1,0,1,0,NULL,3,NULL,NULL,NULL),(39,'Ливень',40,'_DSC9658_700.jpg','2014-07-06 01:05:46','2014-08-26 02:55:02',6,1,0,1,0,NULL,3,NULL,NULL,NULL),(40,'',40,'_DSC8907_700.jpg','2014-07-06 01:18:31','2014-07-29 14:05:17',7,1,0,1,0,NULL,5,NULL,NULL,NULL),(41,'',40,'_DSC9744_700.jpg','2014-07-06 01:22:36','2014-07-29 14:03:30',6,1,0,1,0,NULL,3,NULL,NULL,NULL),(42,'Набережная',40,'_DSC9752_700.jpg','2014-07-06 01:27:07','2014-08-26 02:55:02',6,1,0,1,0,NULL,3,NULL,NULL,NULL),(43,'Пары.',6,'IMG_8481-bw-1k.jpg','2014-07-12 05:50:21','2014-08-26 02:55:02',6,1,0,1,0,NULL,5,NULL,NULL,NULL),(44,'Шарик',6,'IMG_8557-bw-1k.jpg','2014-07-13 08:38:46','2014-08-26 02:55:02',6,1,0,1,0,NULL,4,NULL,NULL,NULL),(45,'Игры. Дворовая команда. #2',6,'IMG_4724-1k.jpg','2014-07-13 14:19:22','2014-11-06 06:10:58',6,1,0,1,0,NULL,3,NULL,'igry-dvorovaya-komanda-2',NULL),(46,'Игры. Дворовая команда. #3',6,'IMG_4725-cr-1k.jpg','2014-07-17 17:56:48','2014-11-06 06:11:26',6,1,0,1,0,NULL,3,NULL,'igry-dvorovaya-komanda-3',NULL),(47,'Однажды на лавочке. Трое.',6,'IMG_4767-bw-1k.jpg','2014-07-17 18:10:34','2014-11-06 06:04:52',6,1,0,1,0,NULL,3,NULL,'odnazhdy-na-lavochke-troe',NULL),(48,'Коммунистическая улица',23,'DSC_0033-1.jpg','2014-07-25 10:07:41','2014-08-26 02:55:02',4,1,0,1,0,NULL,3,NULL,NULL,NULL),(49,'Коммунистическая улица',23,'DSC_0110.jpg','2014-07-25 10:11:10','2014-08-26 02:55:02',4,1,0,1,0,NULL,3,NULL,NULL,NULL),(50,'Коммунистическая улица',23,'DSC_0027.jpg','2014-07-25 10:12:30','2014-08-26 02:55:02',4,1,0,1,0,NULL,3,NULL,NULL,NULL),(51,'Коммунистическая улица',23,'DSC_0177.jpg','2014-07-25 10:13:47','2014-08-26 02:55:02',4,1,0,1,0,NULL,3,NULL,NULL,NULL),(52,'Коммунистическая улица',23,'DSC_0067-1.jpg','2014-07-25 10:14:55','2014-08-26 02:55:02',4,1,0,1,0,NULL,3,NULL,NULL,NULL),(53,'Коммунистическая улица',23,'DSC_0109.jpg','2014-07-25 10:16:08','2014-08-26 02:55:02',4,1,0,1,0,NULL,3,NULL,NULL,NULL),(54,'Коммунистическая улица',23,'DSC_0209.jpg','2014-07-25 10:17:15','2014-08-26 02:55:02',4,1,0,1,0,NULL,3,NULL,NULL,NULL),(55,'Коммунистическая улица',23,'DSC_0062.jpg','2014-07-25 10:18:29','2014-08-26 02:55:02',4,1,0,1,0,NULL,3,NULL,NULL,NULL),(56,'Коммунистическая улица',23,'DSC_0307.jpg','2014-07-25 10:19:46','2014-08-26 02:55:02',4,1,0,1,0,NULL,3,NULL,NULL,NULL),(58,'Коммунистическая улица',23,'DSC_0143.jpg','2014-07-25 10:21:33','2014-08-26 02:55:03',4,1,0,1,0,NULL,3,NULL,NULL,NULL),(59,'Коммунистическая улица',23,'DSC_0851.jpg','2014-07-25 10:22:45','2014-08-26 02:55:03',4,1,0,1,0,NULL,3,NULL,NULL,NULL),(60,'Коммунистическая улица',23,'DSC_0572.jpg','2014-07-25 10:23:48','2014-08-26 02:55:03',4,1,0,1,0,NULL,3,NULL,NULL,NULL),(62,'Качели',40,'_DSC2793_700.jpg','2014-07-28 14:52:41','2014-08-26 02:55:03',6,1,0,1,0,NULL,3,NULL,NULL,NULL),(63,'Мотоциклисты',40,'_DSC2655__700.jpg','2014-07-28 15:06:41','2014-08-26 02:55:03',6,1,0,1,0,NULL,3,NULL,NULL,NULL),(68,'Эти дни...',40,'_DSC6634_700.jpg','2014-08-10 06:44:43','2014-08-13 08:39:40',7,1,0,1,0,NULL,4,NULL,NULL,NULL),(69,'Байкеры',40,'_DSC6381_700.jpg','2014-08-10 06:50:13','2014-08-26 02:55:03',6,1,0,1,0,NULL,3,NULL,NULL,NULL),(70,'',40,'_DSC6446_700.jpg','2014-08-10 06:51:57','2014-08-26 02:55:03',6,1,0,1,0,NULL,3,NULL,NULL,NULL),(71,'',40,'_DSC6471_700.jpg','2014-08-10 06:53:33','2014-08-26 02:55:03',6,1,0,1,0,NULL,4,NULL,NULL,NULL),(72,'',40,'_DSC6499_700.jpg','2014-08-10 06:57:00','2014-08-26 02:55:03',6,1,0,1,0,NULL,3,NULL,NULL,NULL),(73,'',40,'_DSC6623_700.jpg','2014-08-10 06:58:56','2014-08-13 08:40:07',6,1,0,1,0,NULL,3,NULL,NULL,NULL),(74,'Три нити. Детско-дачное.',6,'IMG_0153-web.jpg','2014-08-17 05:37:12','2014-11-06 06:12:37',6,1,0,1,0,NULL,3,NULL,'tri-niti-detsko-dachnoe',NULL),(80,'',20,'ph_1265_9710.jpg','2014-08-29 04:43:07','2014-09-03 11:02:33',3,1,0,1,0,NULL,3,'Игорь Ковалев','',NULL),(81,'',20,'ph_1265_8601.jpg','2014-08-29 04:43:24','2014-09-03 11:02:18',6,1,0,1,0,NULL,3,'Игорь Ковалев','-36b855bd-5983-44ab-a3d8-71add0612af9',NULL),(82,'',20,'ph_1265_8419.jpg','2014-08-29 04:43:37','2014-09-03 11:01:58',11,1,0,1,0,NULL,3,'Игорь Ковалев','-2c40e3c5-e8af-4ce9-abc3-3f8107178a56',NULL),(83,'',20,'ph_1265_7810.jpg','2014-08-29 05:51:48','2014-09-03 11:01:36',10,1,0,1,0,NULL,3,'Игорь Ковалев','-b325a3a5-6527-4064-bc71-8dea3d74aab3',NULL),(85,'',20,'ph_1265_7683.jpg','2014-08-29 05:52:22','2014-09-03 11:01:26',10,1,0,1,0,NULL,3,'Игорь Ковалев','-10488e22-8f54-4b35-9890-2c0549898c57',NULL),(86,'',20,'ph_1265_7656.jpg','2014-08-29 05:53:14','2014-09-03 10:58:47',3,1,0,1,0,NULL,3,'Игорь Ковалев','-ecf8f390-9ec2-47ee-bc7b-70b7ab3540f6',NULL),(87,'',20,'ph_1265_7309.jpg','2014-08-29 05:53:30','2014-09-03 11:01:15',11,1,0,1,0,NULL,3,'Игорь Ковалев','-47ae433c-8d6a-4054-bf6f-b7dd7a7b8323',NULL),(88,'',20,'ph_1265_6633.jpg','2014-08-29 05:53:47','2014-09-03 10:57:22',6,1,0,1,0,NULL,3,'Игорь Ковалев','-c36654bc-5076-45cc-96c7-db5ff25fa9a1',NULL),(89,'',20,'ph_1265_6277.jpg','2014-08-29 05:54:10','2014-09-03 10:57:11',6,1,0,1,0,NULL,3,'Игорь Ковалев','-cb3b47ce-4626-4e3b-95b7-c5da673fc021',NULL),(90,'',20,'ph_1265_6248.jpg','2014-08-29 05:54:33','2014-09-03 10:57:02',6,1,0,1,0,NULL,3,'Игорь Ковалев','-eff808ef-1a2e-415b-a77f-39f47a821d67',NULL),(91,'',20,'ph_1265_6166.jpg','2014-08-29 05:54:49','2014-09-03 10:56:54',6,1,0,1,0,NULL,3,'Игорь Ковалев','-65ccff76-9f2a-40d2-8657-c16966e74ffe',NULL),(92,'',20,'ph_1265_5822.jpg','2014-08-29 05:55:06','2014-08-31 12:53:51',6,1,0,1,0,NULL,3,'Игорь Ковалев','-d702e294-6361-4503-a067-290db9e0a6c9',NULL),(93,'',20,'ph_1265_4894.jpg','2014-08-29 05:55:25','2014-09-03 10:56:40',6,1,0,1,0,NULL,3,'Игорь Ковалев','-4ea06810-0f71-47a2-9824-3b78a71704a1',NULL),(94,'',20,'ph_1265_4100.jpg','2014-08-29 05:55:42','2014-09-03 10:56:33',6,1,0,1,0,NULL,3,'Игорь Ковалев','-06d895c4-c73a-474f-a623-295dd4f3dd93',NULL),(95,'',20,'ph_1265_3848.jpg','2014-08-29 05:55:59','2014-08-31 12:54:06',6,1,0,1,0,NULL,3,'Игорь Ковалев','-5b5d2c2a-fef4-4116-ae04-262394d44098',NULL),(96,'',20,'ph_1265_1472.jpg','2014-08-29 05:56:15','2014-09-03 10:56:16',6,1,0,1,0,NULL,3,'Игорь Ковалев','-fd100d28-d381-490c-99e1-176230171c60',NULL),(97,'без названия',45,'2014-06-18_0033.jpg','2014-10-11 13:32:40','2014-10-11 15:35:11',11,1,0,1,0,NULL,3,NULL,'bez-nazvaniya',NULL),(98,'fire',45,'2014-06-21_0025.jpg','2014-10-11 13:35:26','2014-10-11 15:35:04',10,1,0,1,0,NULL,5,NULL,'fire',NULL),(99,'зима',45,'2005-02-19_10.jpg','2014-10-11 13:37:49','2014-10-11 15:35:00',11,1,0,1,0,NULL,3,NULL,'zima',NULL),(100,'Дерево',45,'20061222_2006-12-22_01.jpg','2014-10-11 13:38:46','2014-10-11 15:34:56',10,1,0,1,0,NULL,3,NULL,'derevo',NULL),(101,'Дом на берегу',45,'20071118_2007-11-18_walk_around_50.jpg','2014-10-11 13:40:29','2014-10-11 15:34:47',3,1,0,1,0,NULL,3,NULL,'dom-na-beregu',NULL),(102,'В полете, на борту Ми-26',45,'20070329_070329-30_Kigali__Bukavu_21.jpg','2014-10-11 13:44:37','2014-10-11 15:34:37',2,1,0,1,0,NULL,3,NULL,'v-polete-na-bortu-mi-26',NULL),(103,'отражения',45,'20070911_2007-09-11_28.jpg','2014-10-11 13:46:36','2014-10-11 15:34:27',11,1,0,1,0,NULL,3,NULL,'otrazheniya',NULL),(104,'Пляжные зарисовки.',6,'IMG_7198-bw-crop_sm.jpg','2014-10-11 15:53:15','2014-10-11 15:55:38',6,1,0,1,0,NULL,3,NULL,'plyazhnye-zarisovki',NULL),(105,'Стальной характер',49,'482.jpg','2014-10-12 07:54:29','2014-10-12 12:06:12',4,1,NULL,1,0,NULL,3,NULL,'stalnoy-harakter',NULL),(106,'Стальной характер',49,'2372.jpg','2014-10-12 07:56:10','2014-10-12 12:06:06',NULL,1,NULL,1,0,NULL,3,NULL,'stalnoy-harakter-97a4839b-8495-4654-9b2e-3525401bb311',NULL),(107,'Стальной характер',49,'2132.jpg','2014-10-12 07:59:06','2014-10-12 12:05:57',NULL,1,NULL,1,0,NULL,3,NULL,'stalnoy-harakter-8f723bb0-ea83-4a27-9def-b8b18762abe8',NULL),(108,'',51,'2BWIxvi_Lck.jpg','2014-10-12 09:49:52','2014-10-12 12:05:51',6,1,NULL,1,0,NULL,3,NULL,'-cff6a13b-1380-4628-9616-8f6035b471cd',NULL),(109,'',51,'5-kXnOjBX5Y.jpg','2014-10-12 09:50:21','2014-10-12 12:05:42',6,1,0,1,0,NULL,3,NULL,'-1c0524f9-6b25-41fd-a5d0-1106f0a9e28d',NULL),(110,'',51,'7y7VYsgqFys.jpg','2014-10-12 09:50:43','2014-10-12 12:05:37',6,1,0,1,0,NULL,3,NULL,'-71014164-d297-4ba6-9010-97f267eba544',NULL),(111,'',51,'F1crYp6B_Qg.jpg','2014-10-12 09:51:08','2014-10-12 12:05:33',6,1,0,1,0,NULL,3,NULL,'-7287fe65-afff-4da8-9c1b-4144d8a1d3ff',NULL),(112,'',51,'gnJWSQY2BJo.jpg','2014-10-12 09:51:27','2014-10-12 12:05:27',6,1,0,1,0,NULL,3,NULL,'-08b5abef-2c1f-4fb8-b890-21808a6385e6',NULL),(113,'',51,'bYwhmxP8Z1Y.jpg','2014-10-12 09:51:51','2014-10-12 12:05:23',6,1,0,1,0,NULL,3,NULL,'-2611c353-8795-4365-b5b4-3b19c0d78dde',NULL),(114,'',51,'kQx9z2WloZw.jpg','2014-10-12 09:52:13','2014-10-12 12:05:14',6,1,0,1,0,NULL,3,NULL,'-b98d1d15-8ba2-4448-be29-dd21cdda2a2f',NULL),(115,'',51,'rwkLPi5pR74.jpg','2014-10-12 09:52:46','2014-10-12 12:05:10',6,1,0,1,0,NULL,3,NULL,'-a9e8ec23-e92c-48a2-9820-2f25f6c95978',NULL),(116,'',51,'ROJi2cyzLSI.jpg','2014-10-12 09:53:09','2014-10-12 12:05:02',6,1,0,1,0,NULL,3,NULL,'-3862c9e2-bd43-489e-b2f9-03de278cc55a',NULL),(117,'',51,'xb4CiA01oEI.jpg','2014-10-12 09:53:37','2014-10-12 12:04:57',6,1,0,1,0,NULL,3,NULL,'-a4b86299-805f-4152-bd9a-a5889cff73c7',NULL),(118,'',51,'zAun9inZO34.jpg','2014-10-12 09:53:58','2014-10-12 12:04:51',6,1,0,1,0,NULL,3,NULL,'-2d8773a2-48da-455f-ab89-cc63fa4e335b',NULL),(119,'',51,'SIA_0797.jpg','2014-10-12 09:55:27','2014-10-12 12:04:44',6,1,0,1,0,NULL,3,NULL,'-69d4f7ce-c0d0-40b0-8f3a-4114a3ada1e6',NULL),(124,'',58,'uk0f823HO84.jpg','2014-10-14 11:08:18','2014-10-14 14:29:57',6,1,NULL,1,0,NULL,3,NULL,'-5c55ea1d-9fd5-43f3-b094-5074f4b606ec',NULL),(125,'Туманы набережной',22,'IMG_9414.jpg','2014-10-14 11:47:37','2014-10-14 14:29:56',3,1,NULL,1,0,NULL,3,NULL,'tumany-naberezhnoy',NULL),(126,'Туманы набережной',22,'IMG_9419.jpg','2014-10-14 11:49:24','2014-10-14 14:29:55',3,1,NULL,1,0,NULL,3,NULL,'tumany-naberezhnoy-b98523e0-032f-48d5-9a55-3b4d283fb4dd',NULL),(127,'Туманы набережной',22,'IMG_9422.jpg','2014-10-14 11:50:22','2014-10-14 14:29:53',3,1,NULL,1,0,NULL,3,NULL,'tumany-naberezhnoy-6b0000d9-a4df-4d44-91cb-248a3f5671fb',NULL),(128,'Туманы набережной',22,'IMG_9447.jpg','2014-10-14 11:51:01','2014-10-14 14:29:51',NULL,1,NULL,1,0,NULL,3,NULL,'tumany-naberezhnoy-f6657268-d7c6-4dde-ad04-f0f4e6615d55',NULL),(129,'Туманы набережной',22,'IMG_5541.jpg','2014-10-14 11:51:54','2014-10-14 14:29:48',3,1,NULL,1,0,NULL,3,NULL,'tumany-naberezhnoy-aab8e887-6f16-492d-a5de-b926854fd008',NULL),(130,'Туманы набережной',22,'IMG_5537.jpg','2014-10-14 11:52:34','2014-10-14 14:29:47',3,1,NULL,1,0,NULL,3,NULL,'tumany-naberezhnoy-e2bb00c8-bfa2-487f-8e60-b7df549d2857',NULL),(131,'Туманы набережной',22,'IMG_9467.jpg','2014-10-14 11:53:10','2014-10-14 14:29:46',3,1,NULL,1,0,NULL,3,NULL,'tumany-naberezhnoy-6d7d5c6a-7f42-452f-8564-53d7bf81b514',NULL),(132,'Туманы набережной',22,'IMG_9492.jpg','2014-10-14 11:53:54','2014-10-14 14:29:44',3,1,NULL,1,0,NULL,3,NULL,'tumany-naberezhnoy-b3dfc60d-5737-4a9a-af31-385bb15f2a6f',NULL),(133,'Туманы набережной',22,'IMG_9501.jpg','2014-10-14 11:55:02','2014-10-14 14:29:43',3,1,NULL,1,0,NULL,3,NULL,'tumany-naberezhnoy-0fd0f019-5889-453f-8662-2db1e492e942',NULL),(134,'Туманы набережной',22,'IMG_9541.jpg','2014-10-14 12:51:23','2014-10-14 14:29:42',3,1,NULL,1,0,NULL,3,NULL,'tumany-naberezhnoy-834aff8e-5c75-45d7-a522-2f5bbb582385',NULL),(135,'Туманы набережной',22,'IMG_9546.jpg','2014-10-14 12:52:16','2014-10-14 14:29:40',3,1,NULL,1,0,NULL,3,NULL,'tumany-naberezhnoy-56c263a0-3d59-4074-b919-edbf207a1700',NULL),(136,'Туманы набережной',22,'IMG_9557.jpg','2014-10-14 12:53:14','2014-10-14 14:29:33',3,1,NULL,1,0,NULL,3,NULL,'tumany-naberezhnoy-65af7776-dc5d-464e-9d9e-a70cd5e3c32a',NULL),(137,'Танзания',45,'0_5eed4_adbd7e0_orig.jpg','2014-10-15 01:51:50','2014-10-15 04:26:37',3,1,0,1,0,NULL,3,NULL,'tanzaniya',NULL),(138,'Сенегал',45,'0_56772_d74ea3d7_orig.jpg','2014-10-15 01:52:22','2014-10-15 04:26:34',11,1,0,1,0,NULL,3,NULL,'senegal',NULL),(139,'Зима весной',45,'140313_______2.jpg','2014-10-15 01:53:00','2014-10-15 04:26:31',3,1,0,1,0,NULL,3,NULL,'zima-vesnoy',NULL),(140,'Чикаго',45,'chicago2.jpg','2014-10-15 01:53:35','2014-10-15 04:26:28',3,1,0,1,0,NULL,3,NULL,'chikago',NULL),(141,'Ирбит',45,'irbit.jpg','2014-10-15 01:54:20','2014-10-15 04:26:25',3,1,0,1,0,NULL,3,NULL,'irbit',NULL),(142,'Дублин',45,'ireland.jpg','2014-10-15 01:57:56','2014-10-15 04:26:21',3,1,0,1,0,NULL,3,NULL,'dublin',NULL),(143,'первый снег',13,'_DSC1843.jpg','2014-10-15 03:08:50','2014-10-15 04:26:16',3,1,0,1,0,NULL,3,NULL,'pervyy-sneg',NULL),(144,'дачные истории',13,'_MG_5972.jpg','2014-10-15 03:14:42','2014-10-15 04:26:06',3,1,0,1,0,NULL,3,NULL,'dachnye-istorii',NULL),(145,'дачные истории 2',13,'_MG_5978.jpg','2014-10-15 03:16:38','2014-10-15 04:26:00',3,1,0,1,0,NULL,3,NULL,'dachnye-istorii-2',NULL),(146,'Туманное утро',61,'IMG_8650.JPG','2014-10-15 03:53:45','2014-10-15 04:25:52',6,1,NULL,1,0,NULL,3,NULL,'tumannoe-utro',NULL),(147,'Капли ',61,'IMG_8651.JPG','2014-10-15 03:54:33','2014-10-15 04:25:40',9,1,NULL,1,0,NULL,3,NULL,'kapli',NULL),(148,'Река Тура. Осень.',61,'IMG_8652.JPG','2014-10-15 03:55:27','2014-10-15 04:25:28',3,1,NULL,1,0,NULL,3,NULL,'reka-tura-osen',NULL),(149,'Р. Бель-Су',28,'DSC01783.jpg','2014-10-15 04:46:46','2014-10-15 05:05:49',3,1,NULL,1,0,NULL,3,NULL,'belsu',NULL),(150,'Скала Три сестры',28,'DSC01845.jpg','2014-10-15 04:48:39','2014-10-15 05:05:44',3,1,NULL,1,0,NULL,3,NULL,'skala-tri-sestry',NULL),(151,'Горное озеро',28,'DSC01950.jpg','2014-10-15 04:49:08','2014-10-15 05:05:37',3,1,NULL,1,0,NULL,3,NULL,'gornoe-ozero',NULL),(152,'Закат на набережной',62,'DSC_2463p1.jpg','2014-10-15 05:17:54','2014-10-15 05:20:03',3,1,1,1,0,NULL,3,NULL,'zakat-na-naberezhnoy',NULL),(156,'Театр летом',62,'DSC_2017-1.jpg','2014-10-15 05:21:57','2014-10-15 05:53:25',3,1,0,1,0,NULL,3,NULL,'teatr-letom',NULL),(157,'Панарама набережной Туры',62,'_____________________21.jpg','2014-10-15 05:24:21','2014-10-15 05:53:17',2,1,0,1,0,NULL,3,NULL,'panarama-naberezhnoy-tury',NULL),(160,'Р. Пышма п. Винзили',41,'DSC_0330.JPG','2014-10-15 11:36:32','2014-10-15 12:54:55',3,1,0,1,0,NULL,3,NULL,'r-pyshma-p-vinzili',NULL),(166,'Я',1,'DSC08555.jpg','2014-10-15 13:45:22','2014-11-01 15:20:56',2,1,0,1,0,NULL,3,NULL,'ts',NULL),(169,'вечер',13,'_MG_9043.jpg','2014-10-15 14:55:02','2014-10-15 15:41:06',11,1,0,1,0,NULL,3,NULL,'vecher',NULL),(170,'улица',13,'_MG_9472.jpg','2014-10-15 14:56:44','2014-10-15 15:41:04',6,1,0,1,0,NULL,3,NULL,'ulitsa',NULL),(172,'первый снег',13,'IMG_0405.jpg','2014-10-15 14:59:35','2014-10-15 15:40:59',6,1,0,1,0,NULL,3,NULL,'pervyy-sneg-95e1a15e-46d5-44a7-920d-10526f2f609b',NULL),(173,'1мая',29,'tymen_43-1.jpg','2014-10-15 16:19:42','2014-10-15 16:59:38',10,1,0,1,0,NULL,3,NULL,'1maya',NULL),(174,'Вечер',29,'tymen_66-1.jpg','2014-10-15 16:22:51','2014-10-15 16:59:37',3,1,0,1,0,NULL,3,NULL,'vecher-ef97f9d7-5ae5-4b39-84be-82e5b925cd06',NULL),(175,'Почтамт',29,'tymen_410-2.jpg','2014-10-15 16:24:38','2014-10-15 16:59:35',10,1,NULL,1,0,NULL,3,NULL,'pochtamt',NULL),(176,'',33,'20140828_8281910.jpg','2014-10-15 16:32:06','2014-10-15 16:59:34',3,1,0,1,0,NULL,3,NULL,'-a46c2c0e-1492-459b-8b89-37e42893dcc2',NULL),(177,'',33,'20140201_1040859.jpg','2014-10-15 16:33:04','2014-10-15 16:59:33',3,1,0,1,0,NULL,3,NULL,'-9cdfd931-8287-4bcc-a6cf-7693a50a2109',NULL),(178,'',33,'20140413_1090265.jpg','2014-10-15 16:34:25','2014-10-15 16:59:31',3,1,0,1,0,NULL,3,NULL,'-5e23cc70-1ca4-4b22-b85e-0606270fd84d',NULL),(179,'',33,'20140530_6527.jpg','2014-10-15 16:35:35','2014-10-15 16:59:30',2,1,0,1,0,NULL,3,NULL,'-abd99252-3c7e-47e6-bc03-c62346cbaf6d',NULL),(180,'',33,'20141003_1280004.jpg','2014-10-15 16:36:08','2014-10-15 16:59:28',3,1,0,1,0,NULL,3,NULL,'-436c20b6-323f-4d20-9ae7-6be15ff1b5b4',NULL),(181,'',33,'20140903_1250212.jpg','2014-10-15 16:37:05','2014-10-15 16:59:23',3,1,0,1,0,NULL,3,NULL,'-6132374b-ad8a-4e2e-ae9f-bb0988bcdcf9',NULL),(182,'',33,'20140515_052.jpg','2014-10-15 16:38:19','2014-10-15 16:59:20',3,1,0,1,0,NULL,3,NULL,'-f77c693c-9d95-4b3b-ad68-62d3181f5c97',NULL),(183,'',33,'20140515_053.jpg','2014-10-15 16:38:47','2014-10-15 16:59:16',3,1,0,1,0,NULL,3,NULL,'-e7100cfe-514c-43e0-8313-09f09c48189d',NULL),(184,'',33,'20140925_1270310.jpg','2014-10-15 16:39:32','2014-10-15 16:59:15',2,1,0,1,0,NULL,3,NULL,'-85e48e6d-5bee-4379-98fa-ad71105499f8',NULL),(185,'',33,'20140929_1270851.jpg','2014-10-15 16:40:12','2014-10-15 16:59:12',3,1,0,1,0,NULL,3,NULL,'-a4076a45-4c80-49c9-86d7-f49b949b7afd',NULL),(186,'осенний этюд',13,'_MG_1833.jpg','2014-10-16 02:36:34','2014-10-16 03:37:46',3,1,0,1,0,NULL,3,NULL,'osenniy-etyud',NULL),(187,'весна на озере Андреевском',13,'_MG_6035.jpg','2014-10-16 02:38:07','2014-10-16 03:37:41',3,1,0,1,0,NULL,3,NULL,'vesna-na-ozere-andreevskom',NULL),(188,'зимний день',13,'_MG_9866.jpg','2014-10-16 02:40:50','2014-10-16 03:37:34',9,1,0,1,0,NULL,3,NULL,'zimniy-den',NULL),(189,'',50,'____________-1.jpg','2014-10-16 06:31:13','2014-10-16 06:43:21',3,1,0,1,0,NULL,3,NULL,'-a1baec17-202f-47f2-ac1e-0ee03f35dea3',NULL),(190,'',50,'1324005.jpg','2014-10-16 06:44:02','2014-10-16 09:02:42',NULL,1,NULL,1,0,NULL,3,NULL,'-916ab931-32cd-4e49-8e67-82ed0a0fa360',NULL),(192,'Обрыв',22,'IMG_2379.jpg','2014-10-16 11:15:15','2014-10-16 12:50:31',3,1,NULL,1,0,NULL,3,NULL,'-b81e890c-076c-4900-889a-42477c97c936',NULL),(193,'оз.Банное',22,'IMG_9250.jpg','2014-10-16 11:16:29','2014-10-16 12:50:27',3,1,NULL,1,0,NULL,3,NULL,'oz-bannoe',NULL),(194,'Закат',22,'_MG_0106.jpg','2014-10-16 11:17:25','2014-10-16 12:50:24',3,1,NULL,1,0,NULL,3,NULL,'zakat',NULL),(195,'Верхотурье',22,'IMG_9830.jpg','2014-10-16 11:21:01','2014-10-16 12:50:21',3,1,NULL,1,0,NULL,3,NULL,'verhoturie',NULL),(196,'Тобольск',22,'IMG_1070.jpg','2014-10-16 11:22:41','2014-10-16 12:50:16',NULL,1,NULL,1,0,NULL,3,NULL,'tobolsk',NULL),(197,'Тюмень',22,'IMG_2925.jpg','2014-10-16 11:23:20','2014-10-16 12:50:09',NULL,1,NULL,1,0,NULL,3,NULL,'tyumen',NULL),(198,'Конец сезона',65,'IMG_7863-__-______-2-___.jpg','2014-10-16 13:27:58','2014-10-17 03:42:48',3,1,NULL,1,0,NULL,3,NULL,'konets-sezona',NULL),(199,'Прожигая жизни',65,'IMG_7934-_________-_______-___.jpg','2014-10-16 13:29:47','2014-10-17 03:42:46',3,1,0,1,0,NULL,3,NULL,'prozhigaya-zhizni',NULL),(203,'Венеция',64,'ev17K.jpg','2014-10-16 13:51:41','2014-10-17 03:42:27',3,1,0,1,0,NULL,3,NULL,'venetsiya',NULL),(204,'Осень',64,'p01K.jpg','2014-10-16 13:55:29','2014-10-17 03:42:15',3,1,0,1,0,NULL,3,NULL,'osen',NULL),(207,'Не потеряй веру в тумане',66,'_______________________________________.jpg','2014-10-17 03:39:50','2014-10-17 03:42:08',3,1,0,1,0,NULL,3,NULL,'ne-poteryay-veru-v-tumane',NULL),(208,'пейзаж 1',67,'____-1.jpg','2014-10-17 07:46:58','2014-10-17 14:35:17',3,1,0,1,0,NULL,3,NULL,'peyzazh-1',NULL),(209,'пейзаж 2',67,'____-2.jpg','2014-10-17 07:49:53','2014-10-17 14:35:15',3,1,0,1,0,NULL,3,NULL,'peyzazh-2',NULL),(210,'пейзаж 3',67,'____-3.jpg','2014-10-17 07:52:08','2014-10-17 14:35:11',3,1,0,1,0,NULL,3,NULL,'peyzazh-3',NULL),(211,'пейзаж 4',67,'____-4.jpg','2014-10-17 07:54:47','2014-10-17 14:35:08',3,1,0,1,0,NULL,3,NULL,'peyzazh-4',NULL),(212,'пейзаж 5',67,'____-5.jpg','2014-10-17 07:56:40','2014-10-17 14:35:05',3,1,0,1,0,NULL,3,NULL,'peyzazh-5',NULL),(213,'пейзаж 6',67,'____-6.jpg','2014-10-17 07:58:45','2014-10-17 14:35:00',3,1,0,1,0,NULL,3,NULL,'peyzazh-6',NULL),(214,'Средняя Катунь',68,'DSC_7685_.jpg','2014-10-17 10:34:42','2014-10-17 14:34:59',3,1,0,1,0,NULL,3,NULL,'srednyaya-katun',NULL),(215,'Рассвет на реке Бия',68,'DSC_3588_.jpg','2014-10-17 10:36:37','2014-10-17 14:34:57',3,1,0,1,0,NULL,3,NULL,'rassvet-na-reke-biya',NULL),(216,'Dolomiti super ski !',68,'_RUS9048_.jpg','2014-10-17 10:39:18','2014-10-17 14:34:54',3,1,0,1,0,NULL,3,NULL,'dolomiti-super-ski',NULL),(217,'Тюмень - 40',68,'_DSC0092_.jpg','2014-10-17 10:40:35','2014-10-17 14:34:52',3,1,0,1,0,NULL,3,NULL,'tyumen-40',NULL),(218,'Ночная Тюмень',68,'DSC_0042_.jpg','2014-10-17 10:41:13','2014-10-17 14:34:50',3,1,0,1,0,NULL,3,NULL,'nochnaya-tyumen',NULL),(219,'Крыши Палермо',68,'_RUS2269_.jpg','2014-10-17 10:42:17','2014-10-17 14:34:46',10,1,0,1,0,NULL,3,NULL,'kryshi-palermo',NULL),(220,'городской пейзаж',49,'131.jpg','2014-10-17 11:04:18','2014-10-17 14:34:45',NULL,1,NULL,1,0,NULL,3,NULL,'gorodskoy-peyzazh',NULL),(221,'городской пейзаж',49,'371.jpg','2014-10-17 11:05:28','2014-10-17 14:34:40',NULL,1,NULL,1,0,NULL,3,NULL,'gorodskoy-peyzazh-220e6f63-dd97-4837-a6c4-2b61b604c771',NULL),(222,'',16,'IMG_9616-2.JPG','2014-10-18 14:28:18','2014-10-18 16:48:30',3,1,0,1,0,NULL,3,NULL,'-3c10f16e-dad7-4601-b597-af2253de8332',NULL),(223,'',16,'IMG_9700.JPG','2014-10-18 14:28:49','2014-10-18 16:48:26',3,1,0,1,0,NULL,3,NULL,'-2baa4cbc-18eb-49f3-b894-381121ad1783',NULL),(224,'',16,'________.JPG','2014-10-18 14:29:36','2014-10-18 16:48:21',3,1,0,1,0,NULL,3,NULL,'-45cc3042-9715-40d0-ad74-4043631b9ae0',NULL),(225,'Георгиевско-Воскресенская церковь',24,'_______________________3_.jpg','2014-10-19 14:48:54','2014-10-19 15:30:34',10,1,0,1,0,NULL,3,NULL,'georgievsko-voskresenskaya-tserkov',NULL),(226,'индустриализация',24,'_____.jpg','2014-10-19 14:51:24','2014-10-19 15:30:28',3,1,0,1,0,NULL,3,NULL,'industrializatsiya',NULL),(227,'Берег Турецкий...',24,'1_IMG_6359__2_.jpg','2014-10-19 14:59:40','2014-10-19 15:30:15',3,1,0,1,0,NULL,3,NULL,'bereg-turetskiy',NULL),(230,'Тушитель',42,'_MG_1070.jpg','2014-10-24 04:33:59','2014-11-06 17:05:19',NULL,1,NULL,1,0,NULL,3,NULL,'tushitel',NULL),(231,'',42,'IMG_3697-bw-1.jpg','2014-10-24 04:34:56','2014-11-06 17:05:08',NULL,1,NULL,1,0,NULL,3,NULL,'-c22691f7-fe22-4a20-aa89-34092dfc480d',NULL),(232,'',42,'IMG_3712.jpg','2014-10-24 04:35:05','2014-10-24 14:53:25',NULL,1,NULL,1,0,NULL,3,NULL,'-d1fdbff6-211e-4c44-94e1-829a1db431f7',NULL),(233,'',42,'IMG_4684.jpg','2014-10-24 04:35:19','2014-10-24 14:53:02',NULL,1,NULL,1,0,NULL,3,NULL,'-54e5ecff-fd6d-4d9c-8121-9bf37495f520',NULL),(234,'',42,'IMG_8413-1.jpg','2014-10-24 04:35:28','2014-10-24 14:53:11',NULL,1,NULL,1,0,NULL,3,NULL,'-4e020a75-7f40-4f67-b3be-ff477f3f6892',NULL),(235,'',42,'IMG_8922.jpg','2014-10-24 04:35:37','2014-10-24 14:53:20',NULL,1,NULL,1,0,NULL,3,NULL,'-64f866ba-adfa-4e41-bcaf-a4d9faa5c788',NULL),(237,'ПОЛНОЛУНИЕ.',90,'________.jpg','2014-11-06 14:46:09','2014-11-06 17:05:01',3,1,0,1,0,NULL,3,NULL,'-b7d38f3a-936d-47e1-992b-652848ceb9a8',NULL),(238,'ОСЕНЬ 2013',90,'5933207674731655122','2014-11-06 14:52:05','2014-11-06 17:04:55',NULL,1,NULL,1,0,NULL,3,NULL,'-2aa2e496-1ede-489a-b226-998ee4cda243',NULL),(239,'НАБЕРЕЖНАЯ 2012',90,'5952861869697316802','2014-11-06 14:58:49','2014-11-06 17:04:05',10,1,0,1,0,NULL,3,NULL,'-9a3e6bdd-2733-4908-841d-5a1f44f41238',NULL),(240,'НОЧЬ,УЛИЦА,ФОНАРЬ...',90,'5952871834413334546','2014-11-06 15:04:15','2014-11-06 17:03:55',3,1,0,1,0,NULL,3,NULL,'-8d91aa3c-aae9-4454-95ea-58fd7e9f8cdd',NULL),(242,'Хрустальная веточка',90,'SAM_0479.JPG','2014-11-06 15:10:27','2014-11-06 17:03:51',3,1,0,1,0,NULL,3,NULL,'hrustalnaya-vetochka',NULL),(244,'НЕЖНОСТЬ.ПИОНЫ.',90,'5952918101070689266','2014-11-06 15:29:54','2014-11-06 17:03:49',8,1,0,1,0,NULL,3,NULL,'nezhnost-piony',NULL),(245,'РЕЧКА!НЕБО ГОЛУБОЕ,ВСЁ ЭТО МОЁ РОДНОЕ....',90,'5952917331785783170','2014-11-06 15:33:32','2014-11-06 17:03:36',3,1,0,1,0,NULL,3,NULL,'rechka-nebo-goluboe-vsyo-eto-moyo-rodnoe',NULL),(246,'РЕЧКА!НЕБО ГОЛУБОЕ,ВСЁ ЭТО МОЁ РОДНОЕ....',90,'5952917052744044130','2014-11-06 15:42:27','2014-11-06 17:03:29',3,1,0,1,0,NULL,3,NULL,'rechka-nebo-goluboe-vsyo-eto-moyo-rodnoe-9cac6ca2-b74e-4a94-9d14-9606cc4a8a98',NULL),(249,'С ЛЮБОВЬЮ К ГОРОДУ',90,'5952872444564060866','2014-11-06 15:48:11','2014-11-13 10:41:10',3,1,0,1,0,NULL,3,NULL,'s-lyubovyu-k-gorodu-19bef670-0368-4442-b597-4c2fe3839bdc',NULL),(251,'ОТРАЖЕНИЕ',90,'5952916374001873666','2014-11-06 15:52:16','2014-11-06 17:03:16',3,1,0,1,0,NULL,3,NULL,'otrazhenie',NULL),(252,'Александровский сад.',90,'5952910906147018082','2014-11-06 15:56:55','2014-11-06 17:03:09',3,1,0,1,0,NULL,3,NULL,'aleksandrovskiy-sad',NULL),(253,'Безконечность в красном...',90,'5952867982794582498','2014-11-06 17:32:16','2014-11-07 06:07:34',NULL,1,NULL,1,0,NULL,3,NULL,'bezkonechnost-v-krasnom',NULL),(254,'МАРИНА',90,'5952914388709098194','2014-11-06 17:39:28','2014-11-07 06:07:19',3,1,0,1,0,NULL,3,NULL,'marina',NULL),(255,'СНЕЖНЫЙ ДОЖДЬ',90,'SAM_0473.JPG','2014-11-06 17:42:32','2014-11-07 06:07:14',NULL,1,NULL,1,0,NULL,3,NULL,'snezhnyy-dozhd',NULL),(256,'ГАЗ-ММ',98,'IMG_1216000000.jpg','2014-11-07 11:18:46','2014-11-07 17:51:48',11,1,0,1,0,NULL,3,NULL,'gaz-mm',NULL),(257,'город2013',90,'________.jpg','2014-11-07 15:51:54','2014-11-07 17:51:43',3,1,0,1,0,NULL,3,NULL,'-71e6a24c-380a-404c-86ed-9b3d70d633a7',NULL),(258,'танюшины пионы',90,'SAM_4620-1__.jpg','2014-11-07 15:54:49','2014-11-07 17:51:39',3,1,0,1,0,NULL,3,NULL,'tanyushiny-piony',NULL),(259,'Пробуждение Адриатики',65,'DSC01166_____________________________.jpg','2014-11-07 16:34:22','2014-11-07 17:51:33',3,1,NULL,1,0,NULL,3,NULL,'probuzhdenie-adriatiki',NULL),(260,'После грозы',65,'DSC00447____________.jpg','2014-11-07 16:36:58','2014-11-07 17:51:30',3,1,NULL,1,0,NULL,3,NULL,'posle-grozy',NULL),(267,'',33,'20141110_7427.jpg','2014-11-11 03:35:11','2014-11-11 12:54:23',3,1,0,1,0,NULL,3,NULL,'-e94bbe0b-d9fc-43d2-b558-7b8d78abd1cc',NULL),(268,'ГОРОД  ОСЕННИЙ ПЕЙЗАЖ',90,'IMG_20141108_152859.jpg','2014-11-13 10:39:10','2014-11-14 09:56:47',3,1,0,1,0,NULL,3,NULL,'gorod-osenniy-peyzazh',NULL),(269,'ВЕСНА ТУРА',90,'IMG_20141113_163845.jpg','2014-11-13 13:52:29','2014-11-14 05:40:35',3,1,0,1,0,NULL,3,NULL,'vesna-tura',NULL),(270,'Ручей',6,'y6-web.jpg','2014-11-14 17:45:56','2014-11-18 08:17:38',3,1,0,1,0,NULL,3,NULL,'ruchey',NULL),(271,'Столбовое настроение',6,'y5-web.jpg','2014-11-14 18:13:09','2014-11-18 08:17:36',11,1,0,1,0,NULL,3,NULL,'stolbovoe-nastroenie',NULL),(272,'Художник.',6,'y1-web.jpg','2014-11-14 18:27:00','2014-11-18 08:17:33',2,1,0,1,0,NULL,3,NULL,'hudozhnik',NULL),(273,'Могилка автобота',6,'IMG_1370-bw-web.jpg','2014-11-14 18:44:17','2014-11-18 08:17:29',7,1,0,1,0,NULL,3,NULL,'mogilka-avtobota',NULL),(274,'Ru_Andrey_Pyatilov_Unnamed_C',92,'Ru_Andrey_Pyatilov_Unnamed_C.jpg','2014-11-17 12:25:49','2014-11-18 08:17:26',6,1,NULL,1,0,NULL,3,NULL,'ru_andrey_pyatilov_unnamed_c',NULL),(275,'Ru_Andrey_Pyatilov_Unnamed_B',92,'Ru_Andrey_Pyatilov_Unnamed_B.jpg','2014-11-17 12:49:39','2014-11-18 08:17:24',6,1,NULL,1,0,NULL,3,NULL,'ru_andrey_pyatilov_unnamed_b',NULL),(277,'Ru_Andrey_Pyatilov_Unnamed_B',92,'Ru_Andrey_Pyatilov_Unnamed1_B.jpg','2014-11-17 13:38:33','2014-11-18 08:17:17',6,1,NULL,1,0,NULL,3,NULL,'ru_andrey_pyatilov_unnamed_b-fc51b7db-fb3f-4b07-acff-6a46caef3205',NULL),(278,'Торжество света (The triumph of light)',100,'Ru_Liudmila_Grinfeld_The_triumph_of_light_A.jpg','2014-11-18 04:09:25','2014-11-18 08:46:33',10,1,0,1,0,NULL,3,NULL,'torzhestvo-sveta',NULL),(279,'Шквал (Scud)',100,'Ru_Liudmila_Grinfeld_Scud_A.jpg','2014-11-18 04:16:42','2014-11-18 13:51:11',6,1,0,1,0,NULL,3,NULL,'vsadniki-apokalipsisa',NULL),(280,'Печаль веков (Sadness of centuries)',100,'Ru_Liudmila_Grinfeld_Sadness_of_centuries_A.jpg','2014-11-18 04:25:43','2014-11-18 08:47:29',2,1,0,1,0,NULL,3,NULL,'u-hrama-pechal-vekov',NULL),(281,'Акварель (Watercolor)',100,'Ru_Liudmila_Grinfeld_Watercolor_B.jpg','2014-11-18 04:27:39','2014-11-18 08:48:08',6,1,0,1,0,NULL,3,NULL,'akvarel',NULL),(282,'Отражение (Reflection)',100,'Ru_Liudmila_Grinfeld_Reflection_B.jpg','2014-11-18 04:28:52','2014-11-18 08:48:41',3,1,0,1,0,NULL,3,NULL,'otrazhenie-e435505c-1fc6-4edd-baa8-62103a9f23ff',NULL),(283,'Лодка (Boat)',100,'Ru_Liudmila_Grinfeld_Boat_B.jpg','2014-11-18 04:31:03','2014-11-18 08:49:16',3,1,0,1,0,NULL,3,NULL,'lodka',NULL),(284,'\"Фонарь\" (\"Lamp\")',100,'Ru_Liudmila_Grinfeld_Lamp_B.jpg','2014-11-18 04:33:30','2014-11-18 08:49:49',6,1,0,1,0,NULL,3,NULL,'fonar',NULL),(285,'\"Полет\" (\"Flight\")',100,'Ru_Liudmila_Grinfeld_Flight_B.jpg','2014-11-18 04:43:54','2014-11-18 08:50:22',6,1,0,1,0,NULL,3,NULL,'polet',NULL),(286,'Сын (Son)',100,'Ru_Liudmila_Grinfeld_Son_A.jpg','2014-11-18 04:48:00','2014-11-18 08:51:11',2,1,0,1,0,NULL,3,NULL,'syn',NULL),(287,'Высота (Height)',100,'Ru_Liudmila_Grinfeld_Hight_B.jpg','2014-11-18 04:49:06','2014-11-18 08:51:42',9,1,0,1,0,NULL,3,NULL,'vysota',NULL),(288,'Мост (Bridge)',100,'Ru_Liudmila_Grinfeld_Bridge_A.jpg','2014-11-18 05:18:44','2014-11-18 08:52:19',10,1,0,1,0,NULL,3,NULL,'most',NULL),(289,'Ангел (Angel)',100,'Ru_Liudmila_Grinfeld_Angel_B.jpg','2014-11-18 06:41:28','2014-11-18 08:53:29',11,1,0,1,0,NULL,3,NULL,'angel',NULL),(290,'Республики(Царская)2014',90,'IMG_20141118_144714.jpg','2014-11-18 07:34:32','2014-11-18 08:16:37',10,1,0,1,0,NULL,3,NULL,'-513e7260-9b2d-4b29-9647-df35cb1cd9d2',NULL),(291,'Крым Фиолент',90,'____.jpg','2014-11-19 08:55:07','2014-11-19 09:52:13',9,1,0,1,0,NULL,3,NULL,'krym-fiolent',NULL),(292,'Uletau-uhogu',105,'______2_0637-002.jpg','2014-11-19 09:26:30','2014-11-19 09:52:09',NULL,1,NULL,1,0,NULL,3,NULL,'uletau-uhogu',NULL),(293,'Pamyat v serdce',105,'______1-IMG_1639.CR2.jpg','2014-11-19 09:31:35','2014-11-19 09:52:05',6,1,NULL,1,0,NULL,3,NULL,'pamyat-v-serdce',NULL),(294,'A Oleni lutshe',105,'______1-IMG_4939.jpg','2014-11-19 09:35:51','2014-11-19 09:51:58',6,1,NULL,1,0,NULL,3,NULL,'a-oleni-lutshe',NULL),(295,'Tango belogo motilka',105,'______1-IMG_3010.jpg','2014-11-19 09:37:39','2014-11-19 09:51:56',9,1,NULL,1,0,NULL,3,NULL,'tango-belogo-motilka',NULL),(296,'B&W',105,'1-IMG_9285.CR2.jpg','2014-11-19 15:49:14','2014-11-19 15:49:14',6,1,NULL,0,0,NULL,3,NULL,'b-w',NULL);
/*!40000 ALTER TABLE `photos` ENABLE KEYS */;
UNLOCK TABLES;

--
-- Table structure for table `pictures`
--

DROP TABLE IF EXISTS `pictures`;
/*!40101 SET @saved_cs_client     = @@character_set_client */;
/*!40101 SET character_set_client = utf8 */;
CREATE TABLE `pictures` (
  `id` int(11) NOT NULL AUTO_INCREMENT,
  `title` varchar(255) DEFAULT NULL,
  `image` varchar(255) DEFAULT NULL,
  `created_at` datetime DEFAULT NULL,
  `updated_at` datetime DEFAULT NULL,
  PRIMARY KEY (`id`)
) ENGINE=InnoDB DEFAULT CHARSET=utf8;
/*!40101 SET character_set_client = @saved_cs_client */;

--
-- Dumping data for table `pictures`
--

LOCK TABLES `pictures` WRITE;
/*!40000 ALTER TABLE `pictures` DISABLE KEYS */;
/*!40000 ALTER TABLE `pictures` ENABLE KEYS */;
UNLOCK TABLES;

--
-- Table structure for table `posts`
--

DROP TABLE IF EXISTS `posts`;
/*!40101 SET @saved_cs_client     = @@character_set_client */;
/*!40101 SET character_set_client = utf8 */;
CREATE TABLE `posts` (
  `id` int(11) NOT NULL AUTO_INCREMENT,
  `title` varchar(255) DEFAULT NULL,
  `content` text,
  `published` tinyint(1) DEFAULT NULL,
  `user_id` int(11) DEFAULT NULL,
  `digest` text,
  `created_at` datetime DEFAULT NULL,
  `updated_at` datetime DEFAULT NULL,
  `type` varchar(255) DEFAULT NULL,
  `age_policy_id` int(11) DEFAULT NULL,
  `slug` varchar(255) DEFAULT NULL,
  PRIMARY KEY (`id`),
  KEY `index_posts_on_user_id` (`user_id`),
  KEY `index_posts_on_age_policy_id` (`age_policy_id`)
) ENGINE=InnoDB AUTO_INCREMENT=21 DEFAULT CHARSET=utf8;
/*!40101 SET character_set_client = @saved_cs_client */;

--
-- Dumping data for table `posts`
--

LOCK TABLES `posts` WRITE;
/*!40000 ALTER TABLE `posts` DISABLE KEYS */;
INSERT INTO `posts` VALUES (1,'Современная система классификации информационного контента возрастного ограничения','<p style=\"text-align: center;\">\r\n</p>\r\n<p>\r\n	 <em><br />\r\n	 </em>\r\n</p>\r\n<p>\r\n	<img src=\"/system/redactor_assets/pictures/11/90195.jpg\" style=\"width: 279px;\">\r\n</p>\r\n<p>\r\n	 <em>(взято из Википедии)</em>\r\n</p>\r\n<p>\r\n	      С 1 сентября 2012 года, после вступления в силу <a href=\"http://ru.wikipedia.org/wiki/%D0%A4%D0%B5%D0%B4%D0%B5%D1%80%D0%B0%D0%BB%D1%8C%D0%BD%D1%8B%D0%B9_%D0%B7%D0%B0%D0%BA%D0%BE%D0%BD_%C2%AB%D0%9E_%D0%B7%D0%B0%D1%89%D0%B8%D1%82%D0%B5_%D0%B4%D0%B5%D1%82%D0%B5%D0%B9_%D0%BE%D1%82_%D0%B8%D0%BD%D1%84%D0%BE%D1%80%D0%BC%D0%B0%D1%86%D0%B8%D0%B8,_%D0%BF%D1%80%D0%B8%D1%87%D0%B8%D0%BD%D1%8F%D1%8E%D1%89%D0%B5%D0%B9_%D0%B2%D1%80%D0%B5%D0%B4_%D0%B8%D1%85_%D0%B7%D0%B4%D0%BE%D1%80%D0%BE%D0%B2%D1%8C%D1%8E_%D0%B8_%D1%80%D0%B0%D0%B7%D0%B2%D0%B8%D1%82%D0%B8%D1%8E%C2%BB\">федерального закона «О защите детей от информации, причиняющей вред их здоровью и развитию»</a> в России введена следующая возрастная классификация информационной продукции:\r\n</p>\r\n<h3>Информационная продукция для детей, не достигших возраста шести лет (0+)</h3>\r\n<p>\r\n	      К информационной продукции для детей, не достигших возраста шести лет, может быть отнесена информационная продукция, содержащая информацию, не причиняющую вреда здоровью и (или) развитию детей (в том числе информационная продукция, содержащая оправданные её жанром и (или) сюжетом эпизодические ненатуралистические изображение или описание физического и (или) психического насилия (за исключением сексуального насилия) при условии торжества добра над злом и выражения сострадания к жертве насилия и (или) осуждения насилия).\r\n</p>\r\n<h3>Информационная продукция для детей, достигших возраста шести лет (6+)</h3>\r\n<p>\r\n	      К допускаемой к обороту информационной продукции для детей, достигших возраста шести лет, может быть отнесена информационная продукция, предусмотренная статьей 7 настоящего Федерального закона, а также информационная продукция, содержащая оправданные её жанром и (или) сюжетом:\r\n</p>\r\n<p>\r\n	      1) кратковременные и ненатуралистические изображение или описание <a href=\"http://ru.wikipedia.org/wiki/%D0%97%D0%B0%D0%B1%D0%BE%D0%BB%D0%B5%D0%B2%D0%B0%D0%BD%D0%B8%D0%B5\">заболеваний</a> человека (за исключением тяжелых заболеваний) и (или) их последствий в форме, не унижающей человеческого <a href=\"http://ru.wikipedia.org/wiki/%D0%94%D0%BE%D1%81%D1%82%D0%BE%D0%B8%D0%BD%D1%81%D1%82%D0%B2%D0%BE\">достоинства</a>;\r\n</p>\r\n<p>\r\n	      2) ненатуралистические изображение или описание <a href=\"http://ru.wikipedia.org/wiki/%D0%9D%D0%B5%D1%81%D1%87%D0%B0%D1%81%D1%82%D0%BD%D1%8B%D0%B9_%D1%81%D0%BB%D1%83%D1%87%D0%B0%D0%B9\">несчастного случая</a>, <a href=\"http://ru.wikipedia.org/wiki/%D0%90%D0%B2%D0%B0%D1%80%D0%B8%D1%8F\">аварии</a>, <a href=\"http://ru.wikipedia.org/wiki/%D0%9A%D0%B0%D1%82%D0%B0%D1%81%D1%82%D1%80%D0%BE%D1%84%D0%B0\">катастрофы</a> либо <a href=\"http://ru.wikipedia.org/wiki/%D0%9D%D0%B5%D0%BD%D0%B0%D1%81%D0%B8%D0%BB%D1%8C%D1%81%D1%82%D0%B2%D0%B5%D0%BD%D0%BD%D0%B0%D1%8F_%D1%81%D0%BC%D0%B5%D1%80%D1%82%D1%8C\">ненасильственной смерти</a> без демонстрации их последствий, которые могут вызывать у детей страх, ужас или панику;\r\n</p>\r\n<p>\r\n	      3) не побуждающие к совершению антиобщественных действий и (или) преступлений эпизодические изображение или описание этих действий и (или) преступлений при условии, что не обосновывается и не оправдывается их допустимость и выражается отрицательное, осуждающее отношение к лицам, их совершающим.\r\n</p>\r\n<h3>Информационная продукция для детей, достигших возраста двенадцати лет (12+)</h3>\r\n<p>\r\n	      К допускаемой к обороту информационной продукции для детей, достигших возраста двенадцати лет, может быть отнесена информационная продукция, предусмотренная статьей 8 настоящего Федерального закона, а также информационная продукция, содержащая оправданные её жанром и (или) сюжетом:\r\n</p>\r\n<p>\r\n	      1) эпизодические изображение или описание жестокости и (или) насилия (за исключением сексуального насилия) без натуралистического показа процесса лишения жизни или нанесения увечий при условии, что выражается сострадание к жертве и (или) отрицательное, осуждающее отношение к жестокости, насилию (за исключением насилия, применяемого в случаях защиты прав граждан и охраняемых законом интересов общества или государства);\r\n</p>\r\n<p>\r\n	      2) изображение или описание, не побуждающие к совершению антиобщественных действий (в том числе к потреблению алкогольной и спиртосодержащей продукции, пива и напитков, изготавливаемых на его основе, участию в азартных играх, занятию бродяжничеством или попрошайничеством), эпизодическое упоминание (без демонстрации) наркотических средств, психотропных и (или) одурманивающих веществ, табачных изделий при условии, что не обосновывается и не оправдывается допустимость антиобщественных действий, выражается отрицательное, осуждающее отношение к ним и содержится указание на опасность потребления указанных продукции, средств, веществ, изделий;\r\n</p>\r\n<p>\r\n	      3) не эксплуатирующие интереса к сексу и не носящие возбуждающего или оскорбительного характера эпизодические ненатуралистические изображение или описание половых отношений между мужчиной и женщиной, за исключением изображения или описания действий сексуального характера.\r\n</p>\r\n<h3>Информационная продукция для детей, достигших возраста шестнадцати лет (16+)</h3>\r\n<p>\r\n	      К допускаемой к обороту информационной продукции для детей, достигших возраста шестнадцати лет, может быть отнесена информационная продукция, предусмотренная статьей 9 настоящего Федерального закона, а также информационная продукция, содержащая оправданные её жанром и (или) сюжетом:\r\n</p>\r\n<p>\r\n	      1) изображение или описание несчастного случая, аварии, катастрофы, заболевания, смерти без натуралистического показа их последствий, которые могут вызывать у детей страх, ужас или панику;\r\n</p>\r\n<p>\r\n	      2) изображение или описание жестокости и (или) насилия (за исключением сексуального насилия) без натуралистического показа процесса лишения жизни или нанесения увечий при условии, что выражается сострадание к жертве и (или) отрицательное, осуждающее отношение к жестокости, насилию (за исключением насилия, применяемого в случаях защиты прав граждан и охраняемых законом интересов общества или государства);\r\n</p>\r\n<p>\r\n	      3) информация о наркотических средствах или о психотропных и (или) об одурманивающих веществах (без их демонстрации), об опасных последствиях их потребления с демонстрацией таких случаев при условии, что выражается отрицательное или осуждающее отношение к потреблению таких средств или веществ и содержится указание на опасность их потребления;\r\n</p>\r\n<p>\r\n	      4) отдельные бранные слова и (или) выражения, не относящиеся к нецензурной брани;\r\n</p>\r\n<p>\r\n	      5) не эксплуатирующие интереса к сексу и не носящие оскорбительного характера изображение или описание половых отношений между мужчиной и женщиной, за исключением изображения или описания действий сексуального характера.\r\n</p>\r\n<h3>Информация, запрещённая для распространения среди детей (18+)</h3>\r\n<p>\r\n	      1) побуждающая детей к совершению действий, представляющих угрозу их жизни и (или) здоровью, в том числе к причинению вреда своему здоровью, самоубийству;\r\n</p>\r\n<p>\r\n	      2) способная вызвать у детей желание употребить наркотические средства, психотропные и (или) одурманивающие вещества, табачные изделия, алкогольную и спиртосодержащую продукцию, пиво и напитки, изготавливаемые на его основе, принять участие в азартных играх, заниматься проституцией, бродяжничеством или попрошайничеством;\r\n</p>\r\n<p>\r\n	      3) обосновывающая или оправдывающая допустимость насилия и (или) жестокости либо побуждающая осуществлять насильственные действия по отношению к людям или животным, за исключением случаев, предусмотренных настоящим Федеральным законом;\r\n</p>\r\n<p>\r\n	      4) отрицающая <a href=\"http://ru.wikipedia.org/wiki/%D0%A1%D0%B5%D0%BC%D0%B5%D0%B9%D0%BD%D1%8B%D0%B5_%D1%86%D0%B5%D0%BD%D0%BD%D0%BE%D1%81%D1%82%D0%B8\">семейные ценности</a> и формирующая неуважение к родителям и (или) другим членам семьи;\r\n</p>\r\n<p>\r\n	      5) оправдывающая противоправное поведение;\r\n</p>\r\n<p>\r\n	      6) содержащая нецензурную брань;\r\n</p>\r\n<p>\r\n	      7) содержащая информацию порнографического характера.\r\n</p>',NULL,6,'<p>\r\n	      Классификация возрастного ограниячения, принятая в РФ с 1 сентября 2012 года.\r\n</p>','2014-04-28 08:25:06','2014-07-28 12:54:23','Article',5,'sovremennaya-sistema-klassifikatsii-informatsionnogo-kontenta-vozrastnogo-ogranicheniya'),(4,'Начало деятельности Тюменского дома фотографии','<p><span style=\"background-color: initial;\"><br></span></p><p><img src=\"/system/redactor_assets/pictures/13/UalQm1IRJeU.jpg\"></p><p>\r\n	 <span style=\"background-color: initial;\">Точкой отсчета в деятельности Тюменского дома фотографии можно с уверенностью считать 21 августа 2012 года, когда Тюменская областная организация Союза фотохудожников России, Арт-проект «Naked ambient», Клуб любителей фотографии «ФотоРегион» и «Гильдия фотографов» в Отеле Best Western Plus «Спасская» провела пресс-конференцию для СМИ, представителей органов власти и общественных организаций. Тема встречи – создание в городе музея фотографии и выставочного мультимедийного центра. </span></p><p>\r\n	 Безусловно, в одночасье столь масштабные проекты не реализуются. Полностью все подразделения Тюменского дома фотографии должны быть созданы и приступить к работе во II квартале 2013 года. Среди них школа фотографии для любителей разных возрастов и уровней, фотостудия, центр фотоуслуг, конференц-зал. О деятельности отделов, мы будем информировать Вас по мере их введения в строй, равно как и о том, кто работает над этим проектом и других новостях.<br>\r\n	 Однако уже сейчас мы рады представить Вашему вниманию актуальную информацию и пригласить к сотрудничеству. Добро пожаловать в Тюменский дом фотографии!</p>',NULL,6,'<p>\r\n	 <span style=\"background-color: initial;\">Точкой отсчета в деятельности Тюменского дома фотографии можно с уверенностью считать 21 августа 2012 года,</span></p>','2014-06-29 03:13:06','2014-08-30 07:37:12','Article',3,'nachalo-deyatelnosti-tyumenskogo-doma-fotografii'),(5,'Предстоит очередная \"сушка\" фотографий в июле!','<p>\r\n	 <span style=\"background-color: initial;\">20 июля 2014 г. в 12:00 На аллее кошек случится \"фото сушка\". «Сушка» – международная акция по обмену фотографиями, придуманная и впервые реализованная в Санкт-Петербурге в 2010г. С тех пор Сушка прошла в более чем 100 городах России и мира и собрала более 45 000 участников. Официальная группа проекта: </span><a href=\"http://vk.com/fotosushka\">vk.com/fotosushka</a> . <span style=\"background-color: initial;\">Приносите фотографии размером от 10Х15 см и более, и ещё бельевые прищепки, на которые вы сможете их прикрепить.</span>\r\n</p>\r\n<p>\r\n	 <span style=\"background-color: initial;\"><br />\r\n	 </span>\r\n</p>',NULL,6,'<p>\r\n	 <span style=\"background-color: initial;\">20 июля 2014 г. в 12:00 На аллее кошек случится \"фото сушка\".</span>\r\n</p>','2014-06-29 03:29:57','2014-07-28 12:55:33','Novelty',3,'predstoit-ocherednaya-sushka-fotografiy-v-iyule'),(6,'Фотоклуб уходит на каникулы','<ul>\r\n	<li><span style=\"background-color: initial;\">Тюменский ф</span><span style=\"background-color: initial;\">отоклуб \"ФотоРегион\" уходит на каникулы до сентября. Собрания фотоклуба возобновятся осенью, надеемся что по уже привычному расписанию. О расписании и тематике встреч  в новом сезоне мы сообщим дополнительно.</span></li>\r\n</ul>',NULL,6,'','2014-06-29 05:34:45','2014-06-29 05:34:45','Novelty',3,'fotoklub-uhodit-na-kanikuly'),(7,'Открытие мультимедийного проекта «Тюмень: город, события, люди. Профессиональная и любительская фотография 80х – начала 90х годов','<p>\r\n	 <strong style=\"background-color: initial;\">Уважаемые господа!</strong>\r\n</p>\r\n<p>\r\n	 <strong></strong>\r\n</p>\r\n<p>\r\n	     В рамках программы празднования 70-летия Тюменской области <strong>26 июля</strong> (в День города), в Музее изобразительных искусств состоится открытие мультимедийного проекта <strong>«Тюмень: город, события, люди. Профессиональная и любительская фотография 80х – начала 90х годов».</strong>\r\n</p>\r\n<p>\r\n	     Организаторами выступает Тюменский дом фотографии (ТДФ), Тюменская региональная организация Союза фотохудожников России при поддержке <strong>Правительства Тюменской области и Администрации города Тюмени</strong>. Экспонаты, многие из которых будут представлены впервые, поступят из фондов Музейного комплекса им. И.Я. Словцова, Музея истории науки и техники Зауралья, Некоммерческого фонда «Культурное наследие Западной Сибири», частных архивов и коллекций.\r\n</p>\r\n<p>\r\n	     Хотелось бы подчеркнуть, что, во-первых, данное мероприятие не просто статичная фотовыставка, а «живая» экспозиция, погружающая нас в эпоху указанного периода (Программа прилагается). Во-вторых, ее увидят не только горожане, гости города, но и жители Тюменской области, в города которой она будет вывозиться.\r\n</p>\r\n<p>\r\n	     Для каждого поколения есть свой исторический отрезок, который вспоминается с особым чувством, и каждый из нас, вне зависимости от профессионализма в области фотодела, сам по себе является частью истории родного города. Поэтому отдельный раздел будет посвящен материалам из семейных фотоархивов.\r\n</p>\r\n<p>\r\n	     В этой связи обращаемся к руководителям предприятий, организаций, общественных объединений с просьбой откликнуться. Оргкомитет принимает фотоматериалы периода 1980-1992 гг. из архивов организаций и частных лиц. Условия приема можно уточнить по указанным координатам.\r\n</p>\r\n<p>\r\n	     В любом случае мы приглашаем Вас на открытие и всегда рады сотрудничеству.\r\n</p>\r\n<p>\r\n	 <strong>Место</strong>\r\n</p>\r\n<p>\r\n	 Тюменский областной музей изобразительных искусств<strong></strong>\r\n</p>\r\n<p>\r\n	 <strong>Дата</strong>\r\n</p>\r\n<p>\r\n	 С 26 июля по 28 августа, торжественное открытие <strong>26 июля 2014, в День Города</strong>\r\n</p>\r\n<p>\r\n	 <strong>В программе:</strong>\r\n</p>\r\n<p>\r\n	 <strong></strong>\r\n</p>\r\n<ul>\r\n	<li>Выставка работ лучших фотографов, работавших в      указанный период;</li>\r\n	<li>Фото из музейных и частных архивов жителей города,      области;</li>\r\n	<li>Мультимедиа инсталляция фотоснимков, видео- и      кинохроники, в т.ч. с использованием техники прошлых лет;</li>\r\n	<li>Интерьерные инсталляции; Экспозиция авто 80х-90х      гг. (перед зданием музея)</li>\r\n	<li>Экспозиция фототехники 80х-90х гг.</li>\r\n	<li>Демонстрация процесса «живой» фотопечати (до- и      после печатная обработка);</li>\r\n</ul>\r\n<p>\r\n	<em>   С наилучшими пожеланиями успехов и процветания,<br />\r\n	 <span style=\"background-color: initial;\">Председатель координационного совета ТДФ</span></em>\r\n</p>\r\n<p>\r\n	 <span style=\"background-color: initial;\"><em>Сергей Фирцев</em></span>\r\n</p>\r\n<p>\r\n	 <strong></strong>\r\n</p>',NULL,6,'<p>\r\n	 <span style=\"background-color: initial;\">В рамках программы празднования 70-летия Тюменской области </span><strong style=\"background-color: initial;\">26 июля</strong><span style=\"background-color: initial;\"> (в День города), в Музее изобразительных искусств состоится открытие мультимедийного проекта </span><strong style=\"background-color: initial;\">«Тюмень: город, события, люди. Профессиональная и любительская фотография 80х – начала 90х годов».</strong>\r\n</p>','2014-06-29 07:44:35','2014-06-29 07:55:33','Novelty',4,'otkrytie-multimediynogo-proekta-tyumen-gorod-sobytiya-lyudi-professionalnaya-i-lyubitelskaya-fotografiya-80h-nachala-90h-godov'),(9,'Идет обкатка и заполнение нашего нового сайта.','<p>\r\n	   Всем привет!\r\n</p>\r\n<p>\r\n	   Хочу поделиться с вами радостной новостью, наконец то мы сподобились запустить сайт Тюменского дома фотографии, совместно этот сайт будет решать и задачи фотоклуба ФотоРегион и даже на базе этого сайта возможно проведение фотоконкурсов с привлечением в том числе и сторонних участников в жюри. Регистрация на сайте свободная. По началу прошу сообщать мне о вашем присоединении, что бы я мог назначить вам правильные роли, ведь некоторые из вас, как я надеюсь, пополнят контент сайта не только своими замечательными фотографиями, но и интересными мыслями. О всех неисправностях и недоработках прошу сообщать мне в личку или через \"тикеты\". Конечно очень многое еще остается на сайте сырым и не доделанным, некоторые функции не реализованы полностью, некоторые виды отображения совершенно в черновом варианте, прошу сильно за это не ругать, всё со временем будет достойно реализовано. Пока сложности с сериями фотографий и с фотоисториями, но это решится однажды, а пока можете объединять такие фотографии общими тэгами.  Для тех , кому открыт доступ к публикации статей - буду рад видеть от вас интересные рассказы и популярные статьи!\r\n</p>\r\n<p>\r\n	   Для тех, кто еще не зарегистрировался, прошу присоединяться к нашему сообществу!\r\n</p>\r\n<p>\r\n	   С наилучшими пожеланиями и надеждой, Николай.\r\n</p>\r\n<p>\r\n	  PS\r\n</p>\r\n<p>\r\n	  к сожалению письма с кодом подтверждения регистрации доходят не на все почтовые сервера.. Прошу сообщить мне, кому после регистрации не пришло письмо с подтверждением.\r\n</p>\r\n<p>\r\n	 Установлено что на почтовые ящики @mail.ru и @bk.ru  письма не доходят. Проверено, что письма доходят на адреса @gmail.com @yandex.ru и некоторые другие.\r\n</p>\r\n<p>\r\n	 К сожалению быстро решить эту проблему не смогу. Буду активировать по вашему запросу \"в ручную\".\r\n</p>',NULL,6,'<p>\r\n	   Первичная регистрация участников ресурса, заполнение контента, виртуальные выставки, статьи, новости, все это уже доступно или вскоре появится.\r\n</p>','2014-06-29 17:43:12','2014-07-19 05:51:59','Novelty',4,'idet-obkatka-i-zapolnenie-nashego-novogo-sayta'),(10,'Открытие фотовыставки Сергея Киселева «ЗАЛ ОЖИДАНИЯ»','<p>\r\n	 <strong>О выставке <span style=\"background-color: initial;\">«ЗАЛ ОЖИДАНИЯ»</span></strong>\r\n</p>\r\n<p>\r\n	 <img src=\"/system/redactor_assets/pictures/6/10293552_693810044005941_7961261964061959695_o.jpg\" style=\"width: 410px;\">\r\n</p>\r\n<p>\r\n	 <img src=\"http://domfoto72.ru/system/redactor_assets/pictures/10/10518913_693829380670674_641150905_n.jpg\" style=\"width: 321px;\"> <img src=\"http://domfoto72.ru/system/redactor_assets/pictures/9/10501389_693829300670682_360624267_n.jpg\" style=\"width: 320px;\">\r\n</p>\r\n<p>\r\n	      «Что наша жизнь – игра!...» – восклицал классик. Борьба за существование, любовь к деньгам, борьба с весом, бессмысленная борьба со временем, печаль, веселье, труд, бессонница, алкоголь, творчество, времена года, любовь, предательство, болезни, взлеты и падения, морщины в разных частях тела, вера в лучшее… Пока верил – жизнь пролетела, как миг. Жизнь – странный зал ожидания поезда, и мы все пассажиры. Одни едут в купе с чистыми занавесками, другие в плацкартном вагоне, дыша пятками соседа, третьи – на крыше… Станция приезда у всех одна – время разное…\r\n</p>\r\n<p>\r\n	 <img src=\"/system/redactor_assets/pictures/8/10302228_693815194005426_4183751509837360622_n.jpg\" style=\"width: 383px;\">\r\n</p>\r\n<p>\r\n	 <strong>Об авторе, точнее, А<span style=\"background-color: initial;\">втор о себе:</span></strong>\r\n</p>\r\n<p>\r\n	      Я прожил длинную жизнь, которая пролетела как миг. Начинал рабочим в полевой геолого-разведочной партии, был водителем троллейбуса, возил на мазе-молоковозе молоко в Тюмень из районов Тюменской области, работал слесарем, компрессорщиком на заводе. Фотоаппарат взял в руки в 32 года, решив сфотографировать новорожденного сына. И этот момент изменил мою жизнь.<br />\r\n	      Через два года участвовал в международных выставках (ФИАП), закончил Московский заочный университет искусств (кинофотофакультет) с отличием – был такой. На волне перестройки пришел в газету и оказался востребован.<br />\r\n	      Награды? Первое место на первом конкурсе репортажной фотографии памяти Александра Ефремова, тюменского фотографа, погибшего в Чечне, моего хорошего товарища. Был отмечен на фестивале тюменской прессы как «Фотокор года», не спрашивайте в каком году – не помню. Но и не лгу…<br />\r\n	      В 2003 году получил звание лауреата на всероссийской выставке «Россия – отчий дом». К наградам, впрочем, как и ко многому отношусь философски. Для меня настоящая фотография, как хорошая литература, должна быть с подтекстом…\r\n</p>\r\n<p>\r\n	      Сергей Киселев, родился в 1946 году. Редактор отдела иллюстраций, фотограф газеты «Тюменские известия». <br />\r\n	      Член Международной ассоциации журналистов, <br />\r\n	      член Союза фотохудожников России.\r\n</p>\r\n<hr id=\"horizontalrule\">\r\n<p>\r\n	      Итак, открытие выставки: 01.08.2014г.\r\n</p>\r\n<p>\r\n	   Усадьба Колокольниковых (<span style=\"background-color: initial;\">Исторический музей</span>)\r\n</p>\r\n<p>\r\n	   улица Республики, 20, Тюмень\r\n</p>',NULL,6,'<p>\r\n	 <span style=\"background-color: initial;\">Тюменский дом фотографии и </span><span style=\"background-color: initial;\">Музейный комплекс Тюменской области </span>\r\n</p>\r\n<p>\r\n	     приглашают на выставку фотографа Сергея Киселева, <span style=\"background-color: initial;\">01.08.2014 в 16:30.</span>\r\n</p>','2014-07-11 17:19:25','2014-07-30 16:09:14','Novelty',5,'otkrytie-fotovystavki-sergeya-kiseleva-zal-ozhidaniya'),(11,'Приглашаем поучаствовать в новом конкурсе цифровой фотографии.','<p>\r\n	 <span style=\"background-color: initial;\"><strong>П</strong>риглашаем жителей Тюменской области принять участие в конкурсе графических работ в цифровом формате, представляющих Тюменскую область глазами её жителей.</span>\r\n</p>\r\n<p>\r\n	 <br />\r\n	 <strong>Н</strong>а конкурс принимаются изображения в электронном формате, созданные с применением различных средств и техник фотосъемки, компьютерной обработки изображений, компьютерной графики, художественных и дизайнерских приемов, а также соответствующие тематике конкурса.\r\n</p>\r\n<p>\r\n	<strong>Т</strong>ематика конкурсных работ – Тюменская область: прошлое, настоящее и будущее региона, достижения и положительные тенденции в различных сферах деятельности, события, люди, населенные пункты, архитектурные объекты, природа и т.д.<br />\r\n	 Работы необходимо направлять на официальный адрес электронной почты конкурса – <strong>digital@72to.ru</strong>\r\n</p>\r\n<p>\r\n	<strong>П</strong>рием работ осуществляется <strong>по 31 августа 2014 года</strong> (включительно).\r\n</p>\r\n<p>\r\n	<strong>О</strong>фициальная церемония награждения финалистов конкурса состоится в сентябре 2014 года в рамках 7-го ежегодного всероссийского форума «Электронное правительство — современный механизм управления регионом» и специализированной выставки ««ИНФОТЕХ-2014».\r\n</p>\r\n<p>\r\n	Телефон для справок (3452) <strong>556-031</strong>\r\n</p>\r\n<p>\r\n	 <img src=\"/system/redactor_assets/pictures/12/y_c6395d11.jpg\">\r\n</p>\r\n<p>\r\n	 <em>фото Игоря Ковалева</em>\r\n</p>',NULL,6,'<p>\r\n	 <span style=\"background-color: initial;\">Приглашаем жителей Тюменской области принять участие в</span><span style=\"background-color: initial;\"> конкурсе графических работ в цифровом формате «Тюменская область в цифре», посвященном 70-летию со дня образования Тюменской области</span><span style=\"background-color: initial;\"></span>\r\n</p>','2014-07-28 15:24:52','2014-07-28 15:29:11','Novelty',4,'priglashaem-pouchastvovat-v-novom-konkurse-tsifrovoy-fotografii'),(13,'Приглашаем на открыие выставки \"Тюмень: город, события, люди. Профессиональная и любительская фотография 80х - начала 90х гг.\"','<p>В рамках программы празднования 70-летия Тюменской области в Музее изобразительных искусств состоится открытие мультимедийного проекта «Тюмень: город, события, люди. Профессиональная и любительская фотография 80х – начала 90х годов».</p><p>Организаторами выступает Тюменский дом фотографии (ТДФ), Тюменская региональная организация Союза фотохудожников России при поддержке Правительства Тюменской области и Администрации города Тюмени. Экспонаты, многие из которых будут представлены впервые, поступят из фондов Музейного комплекса им. И.Я. Словцова, Музея истории науки и техники Зауралья, частных коллекций.</p><p>Для каждого поколения есть свой исторический отрезок, который вспоминается с особым чувством, и каждый из нас, вне зависимости от профессионализма в области фотодела, сам по себе является частью истории родного города.</p><p><img src=\"http://domfoto72.ru/system/redactor_assets/pictures/14/reclama_tmn_city_events_peoples.jpg\" style=\"background-color: initial;\"></p><p>.</p><p><strong>Выставка откроется 09.09.2014 года. в 15:00, в Тюменском Областном музее Изобразительных Искусств по адресу: улица Орджоникидзе, 47</strong></p>',NULL,6,'<p>Выставка откроется 09.09.2014 года. в 15:00, в Тюменском Областном музее Изобразительных Искусств по адресу: улица Орджоникидзе, 47</p>','2014-09-09 01:16:01','2014-09-09 01:19:02','Novelty',4,'priglashaem-na-otkryie-vystavki-tyumen-gorod-sobytiya-lyudi-professionalnaya-i-lyubitelskaya-fotografiya-80h-nachala-90h-gg'),(14,'Фотоклуб вернулся с летних каникул 2014.','<p><img src=\"/system/redactor_assets/pictures/15/IMG_7198-bw-crop_sm.jpg\" style=\"width: 772px;\"></p><p>Внимание! В субботу, 11.10.2014 фотоклуб возобновляет новую сессию встреч.</p><p>В этот раз заседание фотоклуба будет проходить тематической.&nbsp;Тема: \"Как я провел это лето\".&nbsp;</p><p>Приносите фотографии в электронном или бумажном виде!</p><p><br>Не забываем, в конце заседания будет ФотоМена!!!</p><p>Как всегда, встреча начнется в 15:00 в Центральной областной библиотеке имени Менделеева (Орджоникидзе, 59).</p>',NULL,6,'<p>В субботу, 11 октября 2014 состоится долгожданное заседание нашего фотоклуба.</p>','2014-10-10 04:06:27','2014-10-15 10:42:10','Novelty',4,'fotoklub-vernulsya-s-kanikul'),(15,'Участие в фото-конкурсах на нашем сайте.  Порядок и инструкция.','<p>Рады сообщить вам, что Тюменский дом фотографии совместно с фотоклубом \"ФотоРегион\" (г.Тюмень) начинают новую страницу в организации фотоконкурсов. Отрадно заметить что теперь конкурсы будут иметь не только местное значение, но так же часть конкурсов будут иметь статус международных.&nbsp;</p><p>Все конкурсы будут делиться на открытые и закрытые конкурсы, а так же будет особый статус конкурса (закрытого) - конкурс FIAP (пока под эгидой этой организации, с их одобрения).</p><p>В открытых конкурсах нет модерации заявок на участие, и любой зарегистрированный пользователь нашего сайта сможет сразу же разместить фотографии в раздел такого конкурса, конечно согласно положения конкурса.</p><p>В закрытых же конкурсах, и в том числе в конкурсах FIAP заявки будут проходить модерацию, и при соблюдении особых правил конкретного конкурса заявка будет ободрена, однако часть заявок может быть отклонена с указанием причины отклонения, о чем вам обязательно придет почтовое сообщение и в самой системе нашего сайта, и на указанный вам при регистрации электронный ящик.</p><p>Для конкурса FIAP дополнительное требование - все поля регистрационной формы должны быть обязательно заполнены.</p><p>Подавая заявку на участие в любом из проводимых конкурсов, а равно и размещая фотографии в него, вы тем самым полностью соглашаетесь и с правилами сайта и с правилами (положениями) конкурса.</p><p>Для участия в заявленном на нашем сайте фотоконкурсе необходимо зарегистрироваться на нашем сайте, заполнив необходимые поля формы.</p><p>После регистрации необходимо загрузить фотографии, которые вы хотите разместить на конкурс в портфолио вашего профиля (см рисунок ниже)</p><p><img src=\"/system/redactor_assets/pictures/16/fotos-prophile.jpg\" style=\"width: 762px;\"></p><p>После регистрации, вы должны войти на сайт с выбранным вами именем и паролем, затем перейти в ваш профиль (правый пункт верхнего меню навигации сайта), далее - выбрать пункт \"Фотографии\" слева из вертикального меню профиля и нажав на кнопку \"новая фотография\" загрузить необходимое количество фотографий для конкурса. Прочитайте внимательно требования к фотографиям конкурса который вас заинтересовал, следуйте его правилам.</p><p>После того как вы загрузите фотографии для конкурса (или если эти фотографии вы уже ранее размещали для вашего портфолио), то вы можете переходить к созданию заявки-запроса на участие в конкурсе (в случае если конкурс закрытый, если же конкурс открытый вы можете пропустить пункт подачи заявки).</p><p>Далее вам необходимо перейти в раздел Конкурсов:</p><p><img src=\"/system/redactor_assets/pictures/17/men-konkurs.jpg\" style=\"width: 380px;\"></p><p>Вы попадаете в раздел с таблицей конкурсов (часть из них может быть уже закрыты). Вам будут доступны конкурсы где дата окончания приёма работ еще не наступила.</p><p><img src=\"/system/redactor_assets/pictures/18/tab-konkurs.jpg\" style=\"width: 717px;\"></p><p>В таблице слева - название конкурса, далее его тип (открытый или закрытый), далее даты окончания приема работ и дата открытия результатов голосования жюри. Следующая колонка показывает участвуете ли вы в этом конкурсе (если поле пустое - то вы еще не подавали заявку или она не прошла).</p><p>Для подачи заявки на конкурс необходимо нажать на иконку в строке конкурса в виде конверта. Нажав на эту иконку вы инициируете подачу заявки на конкурс и одновременно подтверждаете свое согласие с правилами сайта и с условиями и положением конкурса.</p><p>Ответ на рассмотрение заявки на закрытый конкурс вам придет письма как на внутренний ящик сайта в вашем профиле, так и на ваш электронный ящик. Ответ будет содержать сообщение либо о положительном рассмотрении заявки, либо об отрицательном с указанием причины.</p><p>В случае если конкурс открытый или ваша заявка была одобрена, вы вернувшись к списку конкурсов увидите, что в графе \"Я участвую?\" появится галочка, а справа от нее вместо иконки конверта появится иконка с изображением фотографии. Теперь вы можете разместить ваши фотоработы непосредственно на выбранный вами конкурс. Для этого вам следует нажать на иконку с изображением фотографии (подписанной как \"загрузить фотографии\".&nbsp;После выйдет диалоговое окно с кнопкой \"Загрузите фотографии\" (см. рис. ниже)</p><p><img src=\"/system/redactor_assets/pictures/21/add-foto-konkurs.jpg\" style=\"width: 519px;\"></p><p>Нажав на которую у вас откроется страница \"Выбор фотографий для конкурса\" , где вы сможете выбрать номинацию и разместить в соответствии с ее звучанием и правилами конкурса фотографии, нажав на ссылку 2 (см рис. ниже), поверх откроется еще одно окошко со списком ваших фотографий загруженных в портфолио (см рисунок ниже):</p><p><img src=\"/system/redactor_assets/pictures/19/add-foto-konkurs-2.jpg\" style=\"width: 686px;\"></p><p>Кликая на фотографии из списка вы тем самым выбираете их в данную номинацию. Они соответственно будут появляться на странице под списком. Окончив выбор фотографий необходимо нажать сперва кнопку \"Сохранить\", окошко верхнее тут же закроется, следом необходимо нажать на кнопку \"сохранить выбор\" для окончательного размещения фотографий в номинацию. (см. рис. ниже)</p><p><img src=\"/system/redactor_assets/pictures/20/add-foto-konkurs-3.jpg\" style=\"width: 661px;\"></p><p>С этого момента ваши фоографии начинают участвовать в фотоконкурсе проводимом &nbsp;на нашем сайте, останется лишь дождаться результатов голосования жюри и получить награды, озвученные в положении к конкурсу.</p><p>При появлении технических проблем на любом из этапов подачи фотографий на конкурс, вы можете написать администратору сайта через профиль в разделе \"Тикеты\", создав новое сообщение в службу поддержки. При не согласии или апелляции по решению о вашей заявке или удалению вашей фотоработы из конкурса вы можете написать письмо в системе сайта через раздел \"Messages - Исходящие\" добавив там новое сообщение любому из модераторов или администраторов сайта лично.</p>',NULL,6,'<p>Подробная инструкция и правила размещения ваших фоторабот, на фотоконкурсы проводимые на нашем сайте.</p>','2014-10-14 17:09:10','2014-11-14 15:58:32','Article',4,'uchastie-v-foto-konkursah-na-nashem-sayte-poryadok-i-instruktsiya'),(16,'Курс композиции в творческой фотографии','<p>31 октября в 19:00 начало занятий в группе 2-го курса \"Композиция в творческой фотографии. Теория и практика\". В основе курса - теория композиции. Искусство фотографии в примерах различных жанров. Успевайте присоединиться к нам! Телефон 788-555. Подробнее: <a href=\"http://shkola.gf72.ru/pub.php?id=373\">http://shkola.gf72.ru/pub.php?id=373</a></p>',NULL,6,'<p>31 октября в 19:00 начало занятий в группе 2-го курса \"Композиция в творческой фотографии. Теория и практика\"</p>','2014-10-19 13:57:43','2014-10-19 13:57:43','Novelty',5,'kurs-kompozitsii-v-tvorcheskoy-fotografii'),(17,'Пресс-конференция I Международного Фотоконкурса в Тюмени \"Fixage’ 2014\"','<p><img src=\"/system/redactor_assets/pictures/24/_____1.1.jpg\"></p><p><strong style=\"background-color: initial;\"><em>Уважаемые господа!</em></strong></p><p>  Сообщаем Вам, что Тюменский дом фотографии\r\n(ТДФ) получил право проведения международного фотоконкурса <strong>The First International Photo Contest</strong> <strong>in Tyumen (с 10.10.2014 по 31.12.2014) </strong>под Эгидой Международной\r\nфедерации фотографического искусства <strong>FIAP.</strong>\r\nК итоговой выставке будет приурочен <strong>I Открытый форум молодых фотографов\r\nТюменской области (январь-февраль 2015).</strong></p><p>  Данный факт свидетельствует о том, что\r\nуровень развития фотографии, а также деятельность ТДФ и известного в Европе тюменского\r\nклуба ФотоРегион представляет собой необходимые и достаточные условия для проведения\r\nконкурса международного уровня. Хотелось бы подчеркнуть, что на территории РФ\r\nмы станем всего третьим конкурсом из действующих, имеющий статус FIAP Auspices\r\nor Patronage (под патронажем/эгидой FIAP).</p><p>  Безусловно, в Тюменской области богатая история\r\nфотодела, однако данный конкурс – это еще и возможность рассказать на\r\nмеждународном уровне о нашем городе, регионе не только с точки зрения развития\r\nфотоискусства. Поэтому нам представляется, что к организации данного конкурса\r\nдолжны быть привлечены не только творческие сообщества, но также бизнес-сообщество.\r\nВ этой связи обращаемся ко всем заинтересованным предприятиям и организациям,\r\nчастным лицам с просьбой поддержать проведение конкурса и оказать содействие.\r\nДетали взаимодействия, полагаю, можно уточнить в рабочем порядке в Оргкомитете.\r\nВ случае необходимости готовы представить дополнительную информацию.</p><p> \r\n На сегодняшний день конкурс\r\nподдержали:</p><p>Правительство Тюменской области и\r\nАдминистрация г. Тюмени, Союз Фотохудожников России, НП «Тюменский деловой\r\nклуб», Академия Фотографии (г. Тюмень), Российское Географическое общество.\r\nСтратегический партнер – журнал «TMN». </p><p>  Пользуясь случаем, приглашаем Вас на\r\nпресс-конференцию, которая состоится <strong>29.10\r\nв 11.00, в областном Доме журналистов</strong>, организованная при содействии\r\nДепартамента информационной политики Тюменской области. На встречу заявлены\r\nспикеры:</p><p>Голоус А.В., Заместитель\r\nглавы администрации г. Тюмени (комментарии от руководителей департаментов\r\nАдминистрации);</p><p>Шакурская Ю.В., Директор\r\nдепартамента Культуры Тюменской области (согласование);</p><p>Сергей Фирцев, Председатель\r\nкоординационного совета Тюменского дома фотографии;</p><p>Ковалев Игорь, Председатель\r\nрегиональной организации Союза фотохудожников России;</p><p>Ларин Сергей Иванович,\r\nПредседатель областного отделения Русского Географического общества;</p><p>Шатохин С.М., Председатель НП\r\n«Тюменский деловой клуб».</p><p>Председатель координационного\r\nсовета </p><p>Тюменского дома фотографии&nbsp;</p><p><img src=\"/system/redactor_assets/pictures/23/_____________.jpg\" style=\"width: 103px;\"></p><p>&nbsp; &nbsp; &nbsp; &nbsp; &nbsp; &nbsp; &nbsp; &nbsp; &nbsp; &nbsp; Сергей Фирцев</p><p><em>Исполнитель С.В. Манулов&nbsp;</em></p><p><em>координаты для связи</em></p><p><em>fotoexpo72@mail.ru</em></p><p style=\"margin-left: 20px;\"><em>&nbsp; +7(3452) 99 87 55&nbsp;</em></p>',NULL,59,'<p>Тюменский дом фотографии (ТДФ) получил право проведения международного фотоконкурса <strong style=\"background-color: initial;\">The First International Photographic Contest</strong> <strong style=\"background-color: initial;\">in Tyumen (с 10.10.2014 по 31.12.2014) </strong>под Эгидой Международной федерации фотографического искусства <strong style=\"background-color: initial;\">FIAP.</strong> К итоговой выставке будет приурочен <strong style=\"background-color: initial;\">I Открытый форум молодых фотографов Тюменской области (январь-февраль 2015).</strong></p><p>Подробности<strong>&nbsp;</strong>на пресс-конференцию, которая состоится <strong style=\"background-color: initial;\">29.10 в 11.00, в областном Доме журналистов</strong>,</p>','2014-10-23 15:55:57','2014-10-23 16:00:28','Novelty',6,'press-konferentsiya-i-mezhdunarodnogo-fotokonkursa-v-tyumeni-fixage-2014'),(18,'The instructions for FIAP contest participation managed by the Tyumen House of Photography.','<p>Greetings, dear visitors!</p><p>We thank you for your being interested in our contest and hope that your participation will extend your photography skills and bring up the whole new level of imagination.</p><p><strong>Find below the instructions for FIAP contest participation managed by the Tyumen House of Photography.</strong></p><p>The photo contest under FIAP supervision is held on this site on a half closed basis because applications of the contestants may be either accepted or rejected. For the application to be accepted you have to meet all the requirements (outlined in the Terms of the Contest). Also an applicant must register on this site by filling all the fields the profile form (including \"<strong>Edit profile</strong>\") and pay the participation fee.</p><p>To register on our site please select “<strong>Sign up</strong>” in the top menu.&nbsp;</p><p><img src=\"/system/redactor_assets/pictures/30/Sign-up.jpg\"></p><p>When the proper window opens fill out all fields of the form and confirm your awareness of the site’s rules.&nbsp;</p><p><img src=\"/system/redactor_assets/pictures/31/Sign-up-form.jpg\"></p><p>You will then be emailed with your account’s activation info. Upon receiving the message (you may find it marked as spam and placed in the Spam folder of your e-mail client) click the activation link. If you’re unable to get the activation, please report it to support@domfoto72.ru</p><p>After the activation of your account succeeded, sign in by selecting “<strong>Sign in</strong>” in the top menu and entering your e-mail and password.</p><p><img src=\"/system/redactor_assets/pictures/32/Sign-in.jpg\"></p><p>After authorization open your profile through the upper menu. Click “<strong>Edit profile</strong>” and fill in the blanks. Save it.</p><p>Enter “<strong>Photos</strong>” section of the profile.&nbsp;</p><p><img src=\"/system/redactor_assets/pictures/33/profile.jpg\"></p><p>Add your photos following the hints of the form loaded after clicking “<strong>New photography</strong>” button.</p><p>This is how you submit photographs to participate in the Contest. Size of the images is outlined the Terms of the Contest. Please, read carefully the requirements of the Contest.</p><p>When all your photos are uploaded you may apply for the Contest. It’s strongly suggested that you pay the participation fee before application. Payments after application are also accepted.</p><p>To apply for the Contest enter “<strong>Contests</strong>” section in the top menu. Find the current FIAP Contest. You’ll also find a letter icon in the end of the contest’s title (image of the icon).&nbsp;</p><p><img src=\"/system/redactor_assets/pictures/35/Contesta.jpg\"></p><p>By clicking the icon you apply for the Contest and agree to the rules of this site as well as the Terms of the Contest.</p><p>Under “Participate” section of the profile there will be a question mark beside the title of Contest you’ve just applied.&nbsp;</p><p><img src=\"/system/redactor_assets/pictures/41/Request-status-Awaiting.jpg\"></p><p>The applications results will be sent both to your e-mail and your profile’s inbox. Your application will be either accepted or rejected; the cause for rejection will be explained. If accepted you may start submitting your photos for the Contest. If rejected (the question mark will be replaced by the stop sign icon at the end of the contest’s title) read carefully the cause and eliminate the discrepancies. Alternatively, you may contact the Contest’s administration through e-mail or tickets and appeal for reconsideration.</p><p><img src=\"/system/redactor_assets/pictures/42/Request-status-Stop.jpg\"></p><p>After your application has been approved the letter icon will be replaced by the image icon. The question mark will removed from the Content\'s title. The \"Participation\" field will remain empty until submission of the photos.</p><p><img src=\"/system/redactor_assets/pictures/43/Request-status-Ok.jpg\"></p><p>When the image icon is clicked you will be prompted to the upload section.&nbsp;Press the \"<strong>Load photos</strong>\" button.&nbsp;</p><p><img src=\"/system/redactor_assets/pictures/44/Load-fotos-start.jpg\"></p><p>At the next screen select a nomination (1) and click the link (2) to choose a photo. Only the photos from your portfolio are eligible for submission.</p><p><img src=\"/system/redactor_assets/pictures/46/choose-photos.jpg\"></p><p> The next screen will display your portfolio photos; you choose submission photos by selecting them.&nbsp;</p><p><img src=\"/system/redactor_assets/pictures/50/choose-photos-clixk.jpg\"></p><p>The selection will also appear at the bottom of the screen. When finished click \"<strong>Save</strong>\". The screen will close. Click \"<strong>Save choosen</strong>\" to finalize submission.</p><p><img src=\"/system/redactor_assets/pictures/51/Save-Choosen.jpg\"></p><p>This procedure applies for all nominations. The number of nominations depends on your payment.</p><p>After submitting your photos the \"Participate\" section will have a check sign meaning you\'re now a Contest\'s participant.</p><p><img src=\"/system/redactor_assets/pictures/52/Request-status-Yes.jpg\"></p><p>If you have any problem submitting your photos please contact us through \"Tickets\" section of the profile by sending a message to technical support.</p>',NULL,6,'<p>Submission guidelines.&nbsp;</p>','2014-11-15 09:04:03','2014-11-15 19:31:45','Article',3,'the-instructions-for-fiap-contest-participation-managed-by-the-tyumen-house-of-photography'),(19,'The 1st International Photography Contest Fixage\'2014 is open!','<p>\r\n	<img src=\"/system/redactor_assets/pictures/25/FIAP-1-2014.jpg\"></p><p>\r\n	Dear Colleagues!</p><p>\r\n	The Organizing Committee of the Ist International Photography&nbsp;Contest \"Fixage\'2014\". FIAP, welcomes all connoisseurs and admirers of photography. After the press-conference, final preparations have now been completed. Now everything is up to you! We invite you to register in order to participate in the Contest.</p><p>\r\n	Considering that this is the first&nbsp;Contest, we have tried to keep the nomiations simple and easily understandable. Nontheless, strict jury will be making sure that the level of submissions is high and will score them in an objective manner. At the same time, we would like to remind young photographers, that a special Debut prize has been introduced. Please, read the&nbsp;Contest&nbsp;Rules to learn about this and about other important details. In case of any questions, please, feel free to send them to the Organizing Committee.</p><p>\r\n	Good luck to everyone!!</p><p>\r\n	<a href=\"http://domfoto72.ru/en/competitions/iy-mezhdunarodnyy-fotokonkurs-tyumen-2014#engl\">Contest&nbsp;rules</a> &nbsp;&nbsp;<a href=\"http://domfoto72.ru/en/users/sign_up\">Sign up</a> &nbsp;&nbsp;<a href=\"http://domfoto72.ru/en/articles/the-instructions-for-fiap-contest-participation-managed-by-the-tyumen-house-of-photography\">Submission guidelines</a></p><hr>\r\n<p>\r\n	Уважаемые коллеги!</p><p>\r\n	Оргкомитет I Международного фотоконкурса \"Fixage’2014\", под эгидой FIAP, приветствует всех любителей\r\nи поклонников фотографии. С момента проведения пресс-конференции закончены\r\nпоследние приготовления. Сейчас слово за Вами! Приглашаем пройти регистрацию\r\nдля участия в конкурсе. Учитывая, что конкурс первый, мы постарались, чтобы\r\nноминации были просты и понятны. Но строгое жюри будет следить за высоким\r\nуровнем работ и объективно их оценивать. Вместе с тем, обращаем внимание, что\r\nдля молодых фотографов введен специальный приз «Дебют». Об этом и другие подробности\r\nчитайте в Положении о конкурсе на сайте. По всем вопросам обращайтесь в\r\nОргкомитет.</p><p>\r\n	Удачи Всем!</p><p><a href=\"http://domfoto72.ru/ru/competitions/iy-mezhdunarodnyy-fotokonkurs-tyumen-2014\">Положение о конкурсе</a><br><a href=\"http://domfoto72.ru/ru/users/sign_up\">Регистрация на сайте</a><br><a href=\"http://domfoto72.ru/ru/articles/instruktsiya-po-uchastiyu-v-konkurse-fiap-provodimom-tyumenskim-domom-fotografii\">Правила размещения работ на конкурс</a></p>',NULL,6,'<p>1й Международный фотоконкурс Fixage’2014 открыт!</p>','2014-11-15 09:34:35','2014-11-17 05:58:40','Novelty',3,'i-mezhdunarodnyy-fotokonkurs-fixage-2014-otkryt'),(20,'Инструкция по участию в конкурсе FIAP, проводимом Тюменским домом фотографии','<p>Мы рады приветствовать Вас на страницах нашего сайта.&nbsp;</p><p><strong>Ниже приведены простые инструкции для участия в конкурсе FIAP, проводимого Тюменским домом фотографии.</strong><br>Благодарим вас за интерес к нашему конкурсу! Надеемся на то, что участие в нашем конкурсе даст вам заряд на дальнейшее развитие вашего мастерства и откроет новые уровни вашего вдохновения!<br><br>Фотоконкурс под эгидой FIAP проводится на нашем сайте в условно закрытом режиме. Связано это с тем, что заявки конкурсантов будут рассматриваться и одобряться или же отклоняться. Для одобрения заявки необходимо выполнить все пункты условия участия в конкурсе (опубликованные в положении о конкурсе), обязательно зарегистрироваться на нашем сайте, заполнить все поля в разделе &nbsp;\"<strong>Личные данные</strong>\" и оплатить участие.<br><br>Для регистрации на нашем сайте в верхнем меню выберите пункт «<strong>Регистрация</strong>».&nbsp;</p><p><img src=\"/system/redactor_assets/pictures/26/Sign-up-RU.jpg\"></p><p>В открывшемся окне — заполните все поля и соглашаетесь с правилами сайта.</p><p><img src=\"/system/redactor_assets/pictures/27/Sign-up-form-RU.jpg\"></p><p><br>После вам на электронную почту будет выслано письмо с активацией вашей учетной записи на сайте. Пожалуйста откройте это письмо (возможно оно будет лежать в почте в разделе «Спам») и перейдите по указанной там ссылке для активации. Если вы прошли полностью регистрацию, но письма не получили, то пожалуйста, напишите нам об этом на адрес: <a href=\"mailto:support@domfoto72.ru\">support@domfoto72.ru</a><br><br>После активации вашего аккаунта — авторизуйтесь на сайте зайдя в пункт «<strong>Войти</strong>» верхнего меню сайта. Для входа введите в указанные поля ваш электронный адрес и пароль.</p><p><img src=\"/system/redactor_assets/pictures/28/Sign-in-RU.jpg\"></p><p><br>После авторизации зайдите в свой профиль, нажав на соответствующий пункт верхнего меню. В профиле выберите раздел «<strong style=\"background-color: initial;\">Личные данные</strong>» и заполните там все пустые поля формы. Сохраните.</p><p><br>Далее перейдите в профиле в раздел «<strong>Фотографии</strong>».&nbsp;</p><p><img src=\"/system/redactor_assets/pictures/29/profile-RU.jpg\"></p><p>Добавьте нужно вам количество фотоизображений следуя подсказкам формы, которая появляется после нажатия кнопки «<strong>Новая фотография</strong>». Таким образом вы загрузите на сайт все изображения которые собираетесь отправлять на наш конкурс. Размер изображений указан в положении о конкурсе. Пожалуйста в точности соблюдайте требования конкурса.<br><br>После того, как вы загрузите все изображения в свой профиль, можете подать заявку на участие в конкурсе. Важно, что оплату участия оптимальнее сделать до подачи заявки на сайте, хоть допустим и обратный порядок. <br><br>Для размещения заявки на конкурс перейдите в раздел «<strong>Конкурсы</strong>» в верхнем меню. <br>Среди конкурсов в таблице найдите текущий конкурс FIAP.&nbsp;</p><p>В конце строки с конкурсом вы найдете иконку в виде конвертика размещения заявки — нажмите его (см. рисунок).&nbsp;</p><p><img src=\"/system/redactor_assets/pictures/36/Contesta-RU.jpg\"></p><p> Нажав на эту иконку вы инициируете подачу заявки на конкурс и одновременно подтверждаете свое согласие с правилами сайта и с условиями и положением конкурса.&nbsp;</p><p>В таблице конкурсов в графе «Участие», в строке конкурса, появится значок с вопросительным знаком.&nbsp;</p><p><img src=\"/system/redactor_assets/pictures/37/Request-status-Awaiting-RU.jpg\"></p><p>Ответ на рассмотрение заявки на закрытый конкурс вам придет письма как на внутренний ящик сайта в вашем профиле, так и на ваш электронный ящик. Ответ будет содержать сообщение либо о положительном рассмотрении заявки, либо об отрицательном с указанием причины.  Получив такие сообщения, в случае положительного рассмотрения, вы можете начать размещение фотоизображений на конкурс.&nbsp;</p><p>Если вам отказано в регистрации — прочитайте причину, и по возможности постарайтесь ее исправить. Вместо значка с вопросительным знаком появится значок «проезд запрещен». Либо свяжитесь через тикеты или по электронной почте с администрацией конкурса для апелляции.&nbsp;</p><p><img src=\"/system/redactor_assets/pictures/38/Request-status-Stop-RU.jpg\"></p><p>После одобрения вашей заявки вместо иконки с конвертом появится иконка с изображением фотографии. Значок с вопросительным знаком исчезнет из строки конкурса и до размещения фотографий, поле в графе «Участие» будет оставаться пустым.&nbsp;</p><p><img src=\"/system/redactor_assets/pictures/39/Request-status-Ok-RU.jpg\"></p><p>Нажав на иконку с изображением фотографии вы попадете на страницу загрузки фотографий (см. рисунок).</p><p>На этой страничке вы видите кнопку «<strong>Загрузить фотографии</strong>», нажмите ее.&nbsp;</p><p><img src=\"/system/redactor_assets/pictures/40/Load-fotos-start-RU.jpg\"></p><p>В следующем окне выберите номинацию, в которую вы хотите загрузить фотографии и нажмите ссылку \"Выберите фотографии\".&nbsp;</p><p><img src=\"/system/redactor_assets/pictures/45/choose-photos-RU.jpg\"></p><p>Фотографии для размещения в конкурсе будут выбираться только из вашего портфолио. откроется еще одно окошко со списком ваших фотографий загруженных в портфолио (см рисунок).</p><p><img src=\"/system/redactor_assets/pictures/47/choose-photos-clixk-RU.jpg\"></p><p>Кликая на фотографии из списка вы тем самым выбираете их в данную номинацию. Они соответственно будут появляться на странице под списком.&nbsp;</p><p>Окончив выбор фотографий необходимо нажать сперва кнопку \"<strong>Сохранить</strong>\", окошко верхнее тут же закроется, следом необходимо нажать на кнопку \"<strong>сохранить выбор</strong>\" для окончательного размещения фотографий в номинацию. (см. рис.) </p><p><img src=\"/system/redactor_assets/pictures/48/Save-Choosen-RU.jpg\"></p><p>Так же проделайте для всех тех номинаций в которых вы решили участвовать. </p><p>Количество номинаций доступных вам для загрузки фотографий вы выбираете оплачивая участие в конкурсе.</p><p>После размещения фотографий на конкурс, в графе «Участие» появится галочка — с этого момента вы участвуете на конкурсе.</p><p><img src=\"/system/redactor_assets/pictures/49/Request-status-Yes-RU.jpg\"></p><p>При появлении технических проблем на любом из этапов подачи фотографий на конкурс, вы можете написать администратору сайта через профиль в разделе \"Тикеты\", создав новое сообщение в службу поддержки.&nbsp;</p>',NULL,6,'<p>Простые инструкции для участия в конкурсе FIAP</p>','2014-11-15 09:50:41','2014-11-15 19:26:32','Article',3,'instruktsiya-po-uchastiyu-v-konkurse-fiap-provodimom-tyumenskim-domom-fotografii');
/*!40000 ALTER TABLE `posts` ENABLE KEYS */;
UNLOCK TABLES;

--
-- Table structure for table `redactor_assets`
--

DROP TABLE IF EXISTS `redactor_assets`;
/*!40101 SET @saved_cs_client     = @@character_set_client */;
/*!40101 SET character_set_client = utf8 */;
CREATE TABLE `redactor_assets` (
  `id` int(11) NOT NULL AUTO_INCREMENT,
  `user_id` int(11) DEFAULT NULL,
  `data_file_name` varchar(255) NOT NULL,
  `data_content_type` varchar(255) DEFAULT NULL,
  `data_file_size` int(11) DEFAULT NULL,
  `assetable_id` int(11) DEFAULT NULL,
  `assetable_type` varchar(30) DEFAULT NULL,
  `type` varchar(30) DEFAULT NULL,
  `width` int(11) DEFAULT NULL,
  `height` int(11) DEFAULT NULL,
  `created_at` datetime DEFAULT NULL,
  `updated_at` datetime DEFAULT NULL,
  PRIMARY KEY (`id`),
  KEY `idx_redactor_assetable_type` (`assetable_type`,`type`,`assetable_id`),
  KEY `idx_redactor_assetable` (`assetable_type`,`assetable_id`)
) ENGINE=InnoDB AUTO_INCREMENT=53 DEFAULT CHARSET=utf8;
/*!40101 SET character_set_client = @saved_cs_client */;

--
-- Dumping data for table `redactor_assets`
--

LOCK TABLES `redactor_assets` WRITE;
/*!40000 ALTER TABLE `redactor_assets` DISABLE KEYS */;
INSERT INTO `redactor_assets` VALUES (1,6,'18plus.jpg','image/jpeg',169074,6,'User','RedactorRails::Picture',1097,1098,'2014-04-28 08:41:05','2014-04-28 08:41:05'),(2,1,'perc.jpg','image/jpeg',7349,1,'User','RedactorRails::Picture',287,200,'2014-06-29 02:26:00','2014-06-29 02:26:00'),(3,6,'1378149_596127560433169_314131935_n.jpg','image/jpeg',135925,6,'User','RedactorRails::Picture',612,612,'2014-06-29 03:28:15','2014-06-29 03:28:15'),(4,6,'Y32R5SX0WO0.jpg','image/jpeg',142822,6,'User','RedactorRails::Picture',612,612,'2014-06-29 03:40:58','2014-06-29 03:40:58'),(5,1,'blank.png','image/png',17252,1,'User','RedactorRails::Picture',500,386,'2014-06-29 07:11:50','2014-06-29 07:11:50'),(6,6,'10293552_693810044005941_7961261964061959695_o.jpg','image/jpeg',248850,6,'User','RedactorRails::Picture',800,1200,'2014-07-11 17:11:03','2014-07-11 17:11:03'),(7,6,'10302228_693815194005426_4183751509837360622_n.jpg','image/jpeg',58258,6,'User','RedactorRails::Picture',600,620,'2014-07-11 17:11:51','2014-07-11 17:11:51'),(8,6,'10302228_693815194005426_4183751509837360622_n.jpg','image/jpeg',58258,6,'User','RedactorRails::Picture',600,620,'2014-07-11 17:14:20','2014-07-11 17:14:20'),(9,6,'10501389_693829300670682_360624267_n.jpg','image/jpeg',172800,6,'User','RedactorRails::Picture',640,960,'2014-07-11 17:46:06','2014-07-11 17:46:06'),(10,6,'10518913_693829380670674_641150905_n.jpg','image/jpeg',139015,6,'User','RedactorRails::Picture',640,960,'2014-07-11 17:46:43','2014-07-11 17:46:43'),(11,1,'90195.jpg','image/jpeg',61546,1,'User','RedactorRails::Picture',450,313,'2014-07-28 12:54:05','2014-07-28 12:54:05'),(12,6,'y_c6395d11.jpg','image/jpeg',107294,6,'User','RedactorRails::Picture',710,470,'2014-07-28 15:23:35','2014-07-28 15:23:35'),(13,1,'UalQm1IRJeU.jpg','image/jpeg',8816,1,'User','RedactorRails::Picture',200,200,'2014-08-30 07:37:07','2014-08-30 07:37:07'),(14,6,'reclama_tmn_city_events_peoples.jpg','image/jpeg',105716,6,'User','RedactorRails::Picture',714,900,'2014-09-09 01:12:44','2014-09-09 01:12:44'),(15,6,'IMG_7198-bw-crop_sm.jpg','image/jpeg',679120,6,'User','RedactorRails::Picture',1200,617,'2014-10-10 04:30:43','2014-10-10 04:30:43'),(16,6,'fotos-prophile.jpg','image/jpeg',184562,6,'User','RedactorRails::Picture',1159,606,'2014-10-14 16:31:33','2014-10-14 16:31:33'),(17,6,'men-konkurs.jpg','image/jpeg',88325,6,'User','RedactorRails::Picture',807,225,'2014-10-14 16:37:40','2014-10-14 16:37:40'),(18,6,'tab-konkurs.jpg','image/jpeg',162311,6,'User','RedactorRails::Picture',1163,406,'2014-10-14 16:39:51','2014-10-14 16:39:51'),(19,6,'add-foto-konkurs-2.jpg','image/jpeg',250522,6,'User','RedactorRails::Picture',910,684,'2014-10-14 16:50:28','2014-10-14 16:50:28'),(20,6,'add-foto-konkurs-3.jpg','image/jpeg',142272,6,'User','RedactorRails::Picture',793,528,'2014-10-14 16:58:10','2014-10-14 16:58:10'),(21,6,'add-foto-konkurs.jpg','image/jpeg',62825,6,'User','RedactorRails::Picture',898,213,'2014-10-14 16:59:26','2014-10-14 16:59:26'),(22,6,'FIAP-1-2014.jpg','image/jpeg',16484,6,'User','RedactorRails::Picture',391,232,'2014-10-22 17:39:06','2014-10-22 17:39:06'),(23,59,'_____________.jpg','image/jpeg',57538,59,'User','RedactorRails::Picture',937,801,'2014-10-23 15:51:30','2014-10-23 15:51:30'),(24,59,'_____1.1.jpg','image/jpeg',35978,59,'User','RedactorRails::Picture',391,232,'2014-10-23 15:58:32','2014-10-23 15:58:32'),(25,6,'FIAP-1-2014.jpg','image/jpeg',16484,6,'User','RedactorRails::Picture',391,232,'2014-11-15 09:35:17','2014-11-15 09:35:17'),(26,6,'Sign-up-RU.jpg','image/jpeg',69587,6,'User','RedactorRails::Picture',600,193,'2014-11-15 14:03:10','2014-11-15 14:03:10'),(27,6,'Sign-up-form-RU.jpg','image/jpeg',170502,6,'User','RedactorRails::Picture',800,693,'2014-11-15 14:04:15','2014-11-15 14:04:15'),(28,6,'Sign-in-RU.jpg','image/jpeg',87010,6,'User','RedactorRails::Picture',600,419,'2014-11-15 14:06:38','2014-11-15 14:06:38'),(29,6,'profile-RU.jpg','image/jpeg',127275,6,'User','RedactorRails::Picture',600,541,'2014-11-15 14:07:41','2014-11-15 14:07:41'),(30,6,'Sign-up.jpg','image/jpeg',50947,6,'User','RedactorRails::Picture',500,151,'2014-11-15 14:16:04','2014-11-15 14:16:04'),(31,6,'Sign-up-form.jpg','image/jpeg',148224,6,'User','RedactorRails::Picture',800,637,'2014-11-15 14:17:25','2014-11-15 14:17:25'),(32,6,'Sign-in.jpg','image/jpeg',72757,6,'User','RedactorRails::Picture',500,378,'2014-11-15 14:18:09','2014-11-15 14:18:09'),(33,6,'profile.jpg','image/jpeg',102994,6,'User','RedactorRails::Picture',500,470,'2014-11-15 14:20:08','2014-11-15 14:20:08'),(34,6,'Contesta.jpg','image/jpeg',133326,6,'User','RedactorRails::Picture',800,421,'2014-11-15 14:38:06','2014-11-15 14:38:06'),(35,6,'Contesta.jpg','image/jpeg',139936,6,'User','RedactorRails::Picture',800,421,'2014-11-15 14:39:42','2014-11-15 14:39:42'),(36,6,'Contesta-RU.jpg','image/jpeg',145998,6,'User','RedactorRails::Picture',800,415,'2014-11-15 14:47:50','2014-11-15 14:47:50'),(37,6,'Request-status-Awaiting-RU.jpg','image/jpeg',38086,6,'User','RedactorRails::Picture',639,72,'2014-11-15 18:30:38','2014-11-15 18:30:38'),(38,6,'Request-status-Stop-RU.jpg','image/jpeg',31820,6,'User','RedactorRails::Picture',635,68,'2014-11-15 18:31:30','2014-11-15 18:31:30'),(39,6,'Request-status-Ok-RU.jpg','image/jpeg',34128,6,'User','RedactorRails::Picture',629,66,'2014-11-15 18:32:11','2014-11-15 18:32:11'),(40,6,'Load-fotos-start-RU.jpg','image/jpeg',97538,6,'User','RedactorRails::Picture',700,290,'2014-11-15 18:33:16','2014-11-15 18:33:16'),(41,6,'Request-status-Awaiting.jpg','image/jpeg',29883,6,'User','RedactorRails::Picture',589,64,'2014-11-15 18:35:09','2014-11-15 18:35:09'),(42,6,'Request-status-Stop.jpg','image/jpeg',35724,6,'User','RedactorRails::Picture',579,64,'2014-11-15 18:36:10','2014-11-15 18:36:10'),(43,6,'Request-status-Ok.jpg','image/jpeg',35034,6,'User','RedactorRails::Picture',587,82,'2014-11-15 18:36:48','2014-11-15 18:36:48'),(44,6,'Load-fotos-start.jpg','image/jpeg',77782,6,'User','RedactorRails::Picture',600,266,'2014-11-15 18:39:57','2014-11-15 18:39:57'),(45,6,'choose-photos-RU.jpg','image/jpeg',133636,6,'User','RedactorRails::Picture',800,375,'2014-11-15 18:57:26','2014-11-15 18:57:26'),(46,6,'choose-photos.jpg','image/jpeg',130841,6,'User','RedactorRails::Picture',800,410,'2014-11-15 18:59:06','2014-11-15 18:59:06'),(47,6,'choose-photos-clixk-RU.jpg','image/jpeg',191913,6,'User','RedactorRails::Picture',694,660,'2014-11-15 19:23:27','2014-11-15 19:23:27'),(48,6,'Save-Choosen-RU.jpg','image/jpeg',163288,6,'User','RedactorRails::Picture',700,584,'2014-11-15 19:24:35','2014-11-15 19:24:35'),(49,6,'Request-status-Yes-RU.jpg','image/jpeg',67506,6,'User','RedactorRails::Picture',639,206,'2014-11-15 19:26:03','2014-11-15 19:26:03'),(50,6,'choose-photos-clixk.jpg','image/jpeg',183053,6,'User','RedactorRails::Picture',700,662,'2014-11-15 19:28:25','2014-11-15 19:28:25'),(51,6,'Save-Choosen.jpg','image/jpeg',155324,6,'User','RedactorRails::Picture',700,635,'2014-11-15 19:30:19','2014-11-15 19:30:19'),(52,6,'Request-status-Yes.jpg','image/jpeg',53810,6,'User','RedactorRails::Picture',589,198,'2014-11-15 19:30:52','2014-11-15 19:30:52');
/*!40000 ALTER TABLE `redactor_assets` ENABLE KEYS */;
UNLOCK TABLES;

--
-- Table structure for table `roles`
--

DROP TABLE IF EXISTS `roles`;
/*!40101 SET @saved_cs_client     = @@character_set_client */;
/*!40101 SET character_set_client = utf8 */;
CREATE TABLE `roles` (
  `id` int(11) NOT NULL AUTO_INCREMENT,
  `name` varchar(255) DEFAULT NULL,
  `resource_id` int(11) DEFAULT NULL,
  `resource_type` varchar(255) DEFAULT NULL,
  `created_at` datetime DEFAULT NULL,
  `updated_at` datetime DEFAULT NULL,
  PRIMARY KEY (`id`),
  KEY `index_roles_on_name` (`name`),
  KEY `index_roles_on_name_and_resource_type_and_resource_id` (`name`,`resource_type`,`resource_id`)
) ENGINE=InnoDB AUTO_INCREMENT=8 DEFAULT CHARSET=utf8;
/*!40101 SET character_set_client = @saved_cs_client */;

--
-- Dumping data for table `roles`
--

LOCK TABLES `roles` WRITE;
/*!40000 ALTER TABLE `roles` DISABLE KEYS */;
INSERT INTO `roles` VALUES (1,'admin',NULL,NULL,'2014-04-17 14:41:55','2014-04-17 14:41:55'),(2,'moder',NULL,NULL,'2014-04-17 14:42:01','2014-04-17 14:42:01'),(3,'cluber',NULL,NULL,'2014-04-17 14:42:06','2014-08-05 02:06:15'),(4,'writer',NULL,NULL,'2014-04-18 10:07:16','2014-04-18 10:07:16'),(5,'pre_cluber',NULL,NULL,'2014-10-20 06:45:26','2014-10-20 06:45:26'),(6,'VIP',NULL,NULL,'2014-10-20 06:45:31','2014-10-20 06:45:31'),(7,'Guest',NULL,NULL,'2014-10-20 06:45:40','2014-10-20 06:45:40');
/*!40000 ALTER TABLE `roles` ENABLE KEYS */;
UNLOCK TABLES;

--
-- Table structure for table `schema_migrations`
--

DROP TABLE IF EXISTS `schema_migrations`;
/*!40101 SET @saved_cs_client     = @@character_set_client */;
/*!40101 SET character_set_client = utf8 */;
CREATE TABLE `schema_migrations` (
  `version` varchar(255) NOT NULL,
  UNIQUE KEY `unique_schema_migrations` (`version`)
) ENGINE=InnoDB DEFAULT CHARSET=utf8;
/*!40101 SET character_set_client = @saved_cs_client */;

--
-- Dumping data for table `schema_migrations`
--

LOCK TABLES `schema_migrations` WRITE;
/*!40000 ALTER TABLE `schema_migrations` DISABLE KEYS */;
INSERT INTO `schema_migrations` VALUES ('20130820035511'),('20130820035514'),('20130820035516'),('20130820035521'),('20130820035917'),('20130821055713'),('20130821095541'),('20130822082556'),('20130822085950'),('20130823051146'),('20130824101622'),('20130826033859'),('20130826045843'),('20130826053504'),('20130826055227'),('20130826065445'),('20130827083842'),('20130830040109'),('20130902053609'),('20130902061552'),('20130903030241'),('20130903032535'),('20130903043221'),('20130909032720'),('20130909033550'),('20130909052701'),('20130910032303'),('20130910035232'),('20130911051656'),('20130911061005'),('20130917045526'),('20130919052418'),('20130923045953'),('20131003040609'),('20131021045553'),('20131021050718'),('20131021054832'),('20131021055446'),('20131108055239'),('20131108062015'),('20131108062042'),('20131108062553'),('20131108070213'),('20131111041706'),('20131111042557'),('20131112055650'),('20131113042810'),('20131119032646'),('20131121050524'),('20131125053255'),('20131125053333'),('20131125054937'),('20131126051730'),('20131127041028'),('20131206030152'),('20131206043450'),('20131209040828'),('20131209045600'),('20131209053225'),('20131209060256'),('20131210035026'),('20131210035109'),('20131215101918'),('20131216044133'),('20131216045009'),('20131216050120'),('20131216065005'),('20131216065111'),('20131216065951'),('20131216073613'),('20131216082036'),('20131219041001'),('20131220074331'),('20131220081644'),('20131224054130'),('20131224064219'),('20131225043801'),('20131225044001'),('20131225080229'),('20131225084206'),('20131225085545'),('20140425023733'),('20140508081336'),('20140512061337'),('20140516074653'),('20140516074833'),('20140516082028'),('20140516083824'),('20140629033050'),('20140728092513'),('20140728104430'),('20140728104736'),('20140729044142'),('20140730090306'),('20140731142404'),('20140731143952'),('20140801001502'),('20140801003033'),('20140805050918'),('20140805050919'),('20140805050920'),('20140808043616'),('20140820031549'),('20140820035943'),('20140820040348'),('20140825043645'),('20140827030319'),('20140827032223'),('20140828044638'),('20140904031510'),('20140904041028'),('20140904050608'),('20140905040722'),('20141014031254'),('20141014032756'),('20141014041414'),('20141014042028'),('20141016112641'),('20141016113227'),('20141018123431'),('20141024030011'),('20141024052751'),('20141106063743'),('20141110072204'),('20141110084728');
/*!40000 ALTER TABLE `schema_migrations` ENABLE KEYS */;
UNLOCK TABLES;

--
-- Table structure for table `site_photos`
--

DROP TABLE IF EXISTS `site_photos`;
/*!40101 SET @saved_cs_client     = @@character_set_client */;
/*!40101 SET character_set_client = utf8 */;
CREATE TABLE `site_photos` (
  `id` int(11) NOT NULL AUTO_INCREMENT,
  `photo_id` int(11) DEFAULT NULL,
  `image` varchar(255) DEFAULT NULL,
  `album_id` int(11) DEFAULT NULL,
  `created_at` datetime DEFAULT NULL,
  `updated_at` datetime DEFAULT NULL,
  `title` varchar(255) DEFAULT NULL,
  `age_policy_id` int(11) DEFAULT NULL,
  `user_name` varchar(255) DEFAULT NULL,
  `user_id` int(11) DEFAULT NULL,
  PRIMARY KEY (`id`)
) ENGINE=InnoDB AUTO_INCREMENT=108 DEFAULT CHARSET=utf8;
/*!40101 SET character_set_client = @saved_cs_client */;

--
-- Dumping data for table `site_photos`
--

LOCK TABLES `site_photos` WRITE;
/*!40000 ALTER TABLE `site_photos` DISABLE KEYS */;
INSERT INTO `site_photos` VALUES (23,30,NULL,6,'2014-06-30 17:23:08','2014-06-30 17:23:08','Над тундрами Ямала',3,NULL,NULL),(24,31,NULL,6,'2014-06-30 17:23:49','2014-06-30 17:23:49','В вертолёте',3,NULL,NULL),(25,33,NULL,6,'2014-06-30 17:24:17','2014-06-30 17:24:17','Охотник за закатами',3,NULL,NULL),(26,32,NULL,6,'2014-06-30 17:24:46','2014-06-30 17:24:46','Волонтёры за работой',3,NULL,NULL),(27,34,NULL,6,'2014-06-30 17:25:20','2014-06-30 17:25:20','А что это здесь происходит?!',3,NULL,NULL),(28,35,NULL,6,'2014-06-30 17:25:39','2014-06-30 17:25:39','Спокойствие острова Белый',3,NULL,NULL),(30,NULL,'2.jpg',5,'2014-07-01 00:19:07','2014-07-29 13:55:22','',5,'',20),(31,NULL,'3.jpg',5,'2014-07-01 00:19:25','2014-07-29 13:55:00','',5,'',20),(32,NULL,'4.jpg',5,'2014-07-01 00:19:40','2014-07-29 13:54:43','',5,'',20),(33,NULL,'5.jpg',5,'2014-07-01 00:19:56','2014-07-01 00:19:56','',5,NULL,NULL),(35,NULL,'6.jpg',5,'2014-07-01 00:20:29','2014-07-29 13:56:31','',5,'',20),(36,NULL,'7.jpg',5,'2014-07-01 00:20:46','2014-07-29 13:56:42','',5,'',20),(37,NULL,'8.jpg',5,'2014-07-01 00:21:04','2014-07-29 13:56:52','',5,'',20),(38,NULL,'9.jpg',5,'2014-07-01 00:21:21','2014-07-29 13:57:04','',5,'',20),(39,NULL,'10.jpg',5,'2014-07-01 00:21:43','2014-07-29 13:57:15','',5,'',20),(40,NULL,'11.jpg',5,'2014-07-01 00:22:02','2014-07-29 13:57:27','',5,'',20),(41,NULL,'12.jpg',5,'2014-07-01 00:22:16','2014-07-29 13:57:37','',5,'',20),(42,NULL,'13.jpg',5,'2014-07-01 00:22:30','2014-07-29 13:57:49','',5,'',20),(43,NULL,'14.jpg',5,'2014-07-01 00:22:47','2014-07-29 13:58:03','',5,'',20),(44,48,NULL,7,'2014-07-27 02:47:24','2014-07-27 02:47:24','Коммунистическая улица',4,NULL,NULL),(45,49,NULL,7,'2014-07-27 02:48:55','2014-07-27 02:48:55','Коммунистическая улица',4,NULL,NULL),(46,50,NULL,7,'2014-07-27 02:50:17','2014-07-27 02:50:17','Коммунистическая улица',4,NULL,NULL),(47,51,NULL,7,'2014-07-27 02:51:41','2014-07-27 02:51:41','Коммунистическая улица',4,NULL,NULL),(48,52,NULL,7,'2014-07-27 02:52:20','2014-07-27 02:52:20','Коммунистическая улица',4,NULL,NULL),(49,53,NULL,7,'2014-07-27 02:55:25','2014-07-31 14:50:18','Коммунистическая улица',6,'',NULL),(50,54,NULL,7,'2014-07-27 02:58:05','2014-07-27 02:58:05','Коммунистическая улица',4,NULL,NULL),(51,55,NULL,7,'2014-07-27 02:58:49','2014-07-27 02:58:49','Коммунистическая улица',4,NULL,NULL),(55,56,NULL,7,'2014-07-27 03:04:08','2014-07-27 03:04:08','Коммунистическая улица',6,NULL,NULL),(57,58,NULL,7,'2014-07-27 03:05:46','2014-07-27 03:05:46','Коммунистическая улица',6,NULL,NULL),(58,59,NULL,7,'2014-07-27 03:07:30','2014-07-27 03:07:30','Коммунистическая улица',6,NULL,NULL),(59,60,NULL,7,'2014-07-27 03:08:05','2014-07-27 03:08:05','Коммунистическая улица',4,NULL,NULL),(60,NULL,'normal_1.jpg',5,'2014-07-28 08:14:25','2014-07-29 07:39:14','Тобольск туристический',4,'',20),(101,37,NULL,10,'2014-08-26 15:40:17','2014-08-26 15:40:17','Игры. Дворовая команда. #1',3,NULL,NULL),(102,45,NULL,10,'2014-08-26 15:40:17','2014-08-26 15:40:17','Игры. Дворовая команда. #2',3,NULL,NULL),(103,46,NULL,10,'2014-08-26 15:40:17','2014-08-26 15:40:17','Игры. Дворовая команда. #3',3,NULL,NULL),(104,62,NULL,10,'2014-08-26 15:40:17','2014-08-26 15:40:17','Качели',3,NULL,NULL),(105,74,NULL,10,'2014-08-26 15:40:17','2014-08-26 15:40:17','Три нити. Детско-дачное.',3,NULL,NULL),(106,62,NULL,10,'2014-08-26 15:40:17','2014-08-26 15:40:17','Качели',3,NULL,NULL),(107,74,NULL,10,'2014-08-26 15:40:17','2014-08-26 15:40:17','Три нити. Детско-дачное.',3,NULL,NULL);
/*!40000 ALTER TABLE `site_photos` ENABLE KEYS */;
UNLOCK TABLES;

--
-- Table structure for table `site_rules`
--

DROP TABLE IF EXISTS `site_rules`;
/*!40101 SET @saved_cs_client     = @@character_set_client */;
/*!40101 SET character_set_client = utf8 */;
CREATE TABLE `site_rules` (
  `id` int(11) NOT NULL AUTO_INCREMENT,
  `created_at` datetime DEFAULT NULL,
  `updated_at` datetime DEFAULT NULL,
  `rules` text,
  `rules_digest` text,
  `locale` varchar(255) DEFAULT NULL,
  PRIMARY KEY (`id`)
) ENGINE=InnoDB AUTO_INCREMENT=3 DEFAULT CHARSET=utf8;
/*!40101 SET character_set_client = @saved_cs_client */;

--
-- Dumping data for table `site_rules`
--

LOCK TABLES `site_rules` WRITE;
/*!40000 ALTER TABLE `site_rules` DISABLE KEYS */;
INSERT INTO `site_rules` VALUES (1,'2014-08-20 03:32:50','2014-10-28 04:08:02','<h3><strong>Полная версия правил и условий использования сайта Тюменского дома фотографии.</strong></h3><p>Настоящие правила регламентируют условия использования данного ресурса, а так же требования к пользователям, их права и обязанности, возникающие при регистрации на ресурсах сайта Тюменского дома фотографии &nbsp;domfoto72.ru(далее Сайта).</p><p><strong>1) Соглашение об обработке персональных данных.</strong></p><p style=\"margin-left: 20px;\">Данное соглашение&nbsp;об обработке персональных данных разработано в соответствии с&nbsp;законодательством Российской Федерации.</p><p style=\"margin-left: 20px;\">Все лица заполнившие сведения составляющие персональные данные на данном сайте&nbsp;domfoto72.ru, а также разместившие иную информацию обозначенными действиями&nbsp;подтверждают свое согласие на обработку персональных данных и их передачу оператору&nbsp;обработки персональных данных.</p><p style=\"margin-left: 20px;\">Под персональными данными Гражданина понимается подписные формы и любая&nbsp;биографическая информация:общая информация (Ф.И.О посетителя); год, число и месяц рождения; e-mail, любая информация&nbsp;из социальных сетей, серия номер любого индивидуального документа. Посетители сайта&nbsp;направляют свои персональные данные оператору в целях получения какой-либо необходимой&nbsp;посетителю информации, принадлежащей сайту&nbsp;domfoto72.ru.&nbsp;</p><p style=\"margin-left: 20px;\">Гражданин, принимая настоящее Соглашение, выражают свою заинтересованность и полное&nbsp;согласие, что обработка их персональных данных может включать в себя следующие действия:&nbsp;сбор, систематизацию, накопление, хранение, уточнение (обновление, изменение),&nbsp;использование, уничтожение.</p><p style=\"margin-left: 20px;\">Гражданин гарантирует: информация, им предоставленная, является полной, точной и&nbsp;достоверной; при предоставлении информации не нарушается действующее законодательство&nbsp;Российской Федерации, законные права и интересы третьих лиц; вся предоставленная&nbsp;информация заполнена Гражданина в отношении себя лично</p><p style=\"margin-left: 20px;\"></p><p><strong>2) О Сайте.</strong></p><p>Сайт domfoto72.ru (далее Сайт) является оффициальным сайтом общественной органицации Тюменского дома фотографии и тюменского фотоклуба \"ФотоРегион\". Основой сайта являются аккаунты фотографов, (и соответственно фотографии) участников фотоклуба, ТДФ. Так же мы приветствуем участие фотографов из других городов, регионов и стран. На площадке нашего сайта проходят виртуальные выставки фоторабот участников фотоклуба, наших гостей и известных мастеров фотографии. Так же в рамках проекта Сайта предусмотрена площадка для проведения фотоконкурсов как собственного патранажа, так и фотоконкурсов подж эгидой FIAP. Так же на Сайте размещены новости ТДФ, и статьи на сопутствующие фотографии и деятельности ТДФ темы.</p><p>На Сайте реализована возможность свободной регистрации любых желающих фотографов (любителей и профессионалов). Регистрируясь на Сайте, вы подтверждаете что вы увлечены фотографией являясь при этом профессиональным фотографом или фотолюбителем. Регистрация людей не увлекающихся фотографией будет отклонена Администрацией сайта при выявлении таковой. Так же не допустима регистрация с иными, не связанными с фотографией целями (реклама, не связанное с фотографией общение и прочее).</p><p>Зарегистрировавшимся фотографам мы предлагаем разместить на наших страницах свое портфолио, участие в проводимых ТДФ фотоконкурсах, размещение фотографий для ревью, общение с коллегами на фотографические темы, подписку на новости и другие события ТДФ, комментировать фотоработы других участников, помечать понравившиеся вам на конкурсах фотографии, заводить творческие контакты.</p><p><strong>3) Регистрация на Сайте.</strong></p><p>Для полноценного участия в ресурсах Сата и его мероприятиях необходима регистрация. Заполняя форму регистрации, вы соглашаетесь со всеми условиями и правилами, установленными для пользователей Сайта. Вы не оспариваю ни одного пункта правил Сайта и полностью с ними согласны.&nbsp;</p>','<p><strong>Правила сайта Тюменского дома фотографии</strong></p><p>Заполняя форму регистрации, я соглашаюсь со всеми условиями и правилами, установленными для пользователей нашего сайта (Тюменского дома фотографии). Я не оспариваю ни одного пункта правил сайта и полностью с ними согласен.&nbsp;</p><p><a href=\"http://domfoto72.ru/about/rules?locale=ru\">Читать полную версию правил сайта</a></p>','ru'),(2,'2014-08-20 03:33:25','2014-11-12 08:55:36','<p>Настоящие правила регламентируют условия использования данного ресурса, а так же требования к пользователям, их права и обязанности, возникающие при регистрации на ресурсах сайта Тюменского дома фотографии  domfoto72.ru(далее Сайта).</p><p><strong>1) Соглашение об обработке персональных данных.</strong></p><p>Данное соглашение об обработке персональных данных разработано в соответствии с законодательством Российской Федерации.</p><p>Все лица заполнившие сведения составляющие персональные данные на данном сайте domfoto72.ru, а также разместившие иную информацию обозначенными действиями подтверждают свое согласие на обработку персональных данных и их передачу оператору обработки персональных данных.</p><p>Под персональными данными Гражданина понимается подписные формы и любая биографическая информация:общая информация (Ф.И.О посетителя); год, число и месяц рождения; e-mail, любая информация из социальных сетей, серия номер любого индивидуального документа. Посетители сайта направляют свои персональные данные оператору в целях получения какой-либо необходимой посетителю информации, принадлежащей сайту domfoto72.ru. </p><p>Гражданин, принимая настоящее Соглашение, выражают свою заинтересованность и полное согласие, что обработка их персональных данных может включать в себя следующие действия: сбор, систематизацию, накопление, хранение, уточнение (обновление, изменение), использование, уничтожение.</p><p>Гражданин гарантирует: информация, им предоставленная, является полной, точной и достоверной; при предоставлении информации не нарушается действующее законодательство Российской Федерации, законные права и интересы третьих лиц; вся предоставленная информация заполнена Гражданина в отношении себя лично</p><p><strong>2) О Сайте.</strong></p><p>Сайт domfoto72.ru (далее Сайт) является оффициальным сайтом общественной органицации Тюменского дома фотографии и тюменского фотоклуба \"ФотоРегион\". Основой сайта являются аккаунты фотографов, (и соответственно фотографии) участников фотоклуба, ТДФ. Так же мы приветствуем участие фотографов из других городов, регионов и стран. На площадке нашего сайта проходят виртуальные выставки фоторабот участников фотоклуба, наших гостей и известных мастеров фотографии. Так же в рамках проекта Сайта предусмотрена площадка для проведения фотоконкурсов как собственного патранажа, так и фотоконкурсов подж эгидой FIAP. Так же на Сайте размещены новости ТДФ, и статьи на сопутствующие фотографии и деятельности ТДФ темы.</p><p>На Сайте реализована возможность свободной регистрации любых желающих фотографов (любителей и профессионалов). Регистрируясь на Сайте, вы подтверждаете что вы увлечены фотографией являясь при этом профессиональным фотографом или фотолюбителем. Регистрация людей не увлекающихся фотографией будет отклонена Администрацией сайта при выявлении таковой. Так же не допустима регистрация с иными, не связанными с фотографией целями (реклама, не связанное с фотографией общение и прочее).</p><p>Зарегистрировавшимся фотографам мы предлагаем разместить на наших страницах свое портфолио, участие в проводимых ТДФ фотоконкурсах, размещение фотографий для ревью, общение с коллегами на фотографические темы, подписку на новости и другие события ТДФ, комментировать фотоработы других участников, помечать понравившиеся вам на конкурсах фотографии, заводить творческие контакты.</p><p><strong>3) Регистрация на Сайте.</strong></p><p>Для полноценного участия в ресурсах Сата и его мероприятиях необходима регистрация. Заполняя форму регистрации, вы соглашаетесь со всеми условиями и правилами, установленными для пользователей Сайта. Вы не оспариваю ни одного пункта правил Сайта и полностью с ними согласны.&nbsp;</p>','<p>Filling in the registration form, I agree with all conditions and regulations set for our website users of The Tyumen House of photography.  I do not question any website regulation terms and agree with all of them.</p>','en');
/*!40000 ALTER TABLE `site_rules` ENABLE KEYS */;
UNLOCK TABLES;

--
-- Table structure for table `taggings`
--

DROP TABLE IF EXISTS `taggings`;
/*!40101 SET @saved_cs_client     = @@character_set_client */;
/*!40101 SET character_set_client = utf8 */;
CREATE TABLE `taggings` (
  `id` int(11) NOT NULL AUTO_INCREMENT,
  `tag_id` int(11) DEFAULT NULL,
  `taggable_id` int(11) DEFAULT NULL,
  `taggable_type` varchar(255) DEFAULT NULL,
  `tagger_id` int(11) DEFAULT NULL,
  `tagger_type` varchar(255) DEFAULT NULL,
  `context` varchar(128) DEFAULT NULL,
  `created_at` datetime DEFAULT NULL,
  PRIMARY KEY (`id`),
  UNIQUE KEY `taggings_idx` (`tag_id`,`taggable_id`,`taggable_type`,`context`,`tagger_id`,`tagger_type`),
  KEY `index_taggings_on_taggable_id_and_taggable_type_and_context` (`taggable_id`,`taggable_type`,`context`)
) ENGINE=InnoDB AUTO_INCREMENT=341 DEFAULT CHARSET=utf8;
/*!40101 SET character_set_client = @saved_cs_client */;

--
-- Dumping data for table `taggings`
--

LOCK TABLES `taggings` WRITE;
/*!40000 ALTER TABLE `taggings` DISABLE KEYS */;
INSERT INTO `taggings` VALUES (1,1,2,'Photo',6,'User','themes','2014-04-20 17:00:29'),(2,2,2,'Photo',6,'User','themes','2014-04-20 17:00:29'),(4,1,19,'Photo',6,'User','themes','2014-06-29 03:49:56'),(5,4,20,'Photo',6,'User','themes','2014-06-29 03:52:52'),(6,5,20,'Photo',6,'User','themes','2014-06-29 03:52:52'),(7,6,20,'Photo',6,'User','themes','2014-06-29 03:53:16'),(8,7,21,'Photo',6,'User','themes','2014-06-29 03:59:50'),(9,8,21,'Photo',6,'User','themes','2014-06-29 03:59:50'),(10,9,22,'Photo',6,'User','themes','2014-06-29 04:06:57'),(11,10,22,'Photo',6,'User','themes','2014-06-29 04:06:57'),(12,11,22,'Photo',6,'User','themes','2014-06-29 04:06:57'),(13,12,22,'Photo',6,'User','themes','2014-06-29 04:06:57'),(14,13,22,'Photo',6,'User','themes','2014-06-29 04:06:57'),(15,14,18,'Photo',6,'User','themes','2014-06-29 05:09:41'),(16,15,30,'Photo',13,'User','themes','2014-06-30 15:25:00'),(17,16,30,'Photo',13,'User','themes','2014-06-30 15:25:00'),(18,17,30,'Photo',13,'User','themes','2014-06-30 15:25:00'),(19,18,30,'Photo',13,'User','themes','2014-06-30 15:25:00'),(20,16,31,'Photo',13,'User','themes','2014-06-30 15:29:37'),(21,16,32,'Photo',13,'User','themes','2014-06-30 15:32:46'),(22,19,32,'Photo',13,'User','themes','2014-06-30 15:32:46'),(23,20,32,'Photo',13,'User','themes','2014-06-30 15:32:46'),(24,19,33,'Photo',13,'User','themes','2014-06-30 15:35:12'),(25,20,33,'Photo',13,'User','themes','2014-06-30 15:35:12'),(26,16,33,'Photo',13,'User','themes','2014-06-30 15:35:12'),(27,21,33,'Photo',13,'User','themes','2014-06-30 15:35:12'),(28,19,34,'Photo',13,'User','themes','2014-06-30 15:40:07'),(29,16,34,'Photo',13,'User','themes','2014-06-30 15:40:07'),(30,22,37,'Photo',6,'User','themes','2014-07-04 05:14:05'),(31,23,37,'Photo',6,'User','themes','2014-07-04 05:14:05'),(32,24,37,'Photo',6,'User','themes','2014-07-04 05:14:05'),(33,25,38,'Photo',40,'User','themes','2014-07-06 01:02:25'),(34,25,39,'Photo',40,'User','themes','2014-07-06 01:05:46'),(35,26,42,'Photo',40,'User','themes','2014-07-06 01:27:07'),(36,27,43,'Photo',6,'User','themes','2014-07-12 05:50:22'),(37,28,43,'Photo',6,'User','themes','2014-07-12 05:50:22'),(38,29,43,'Photo',6,'User','themes','2014-07-12 05:50:22'),(39,1,44,'Photo',6,'User','themes','2014-07-13 08:38:46'),(40,28,44,'Photo',6,'User','themes','2014-07-13 08:38:46'),(41,30,44,'Photo',6,'User','themes','2014-07-13 08:38:46'),(42,31,44,'Photo',6,'User','themes','2014-07-13 08:38:46'),(43,32,37,'Photo',6,'User','themes','2014-07-13 14:17:57'),(44,23,45,'Photo',6,'User','themes','2014-07-13 14:19:23'),(45,22,45,'Photo',6,'User','themes','2014-07-13 14:19:23'),(46,32,45,'Photo',6,'User','themes','2014-07-13 14:19:23'),(47,24,45,'Photo',6,'User','themes','2014-07-13 14:21:05'),(48,22,46,'Photo',6,'User','themes','2014-07-17 17:56:48'),(49,23,46,'Photo',6,'User','themes','2014-07-17 17:56:48'),(50,24,46,'Photo',6,'User','themes','2014-07-17 17:56:48'),(51,32,46,'Photo',6,'User','themes','2014-07-17 17:56:48'),(52,33,47,'Photo',6,'User','themes','2014-07-17 18:10:34'),(53,34,47,'Photo',6,'User','themes','2014-07-17 18:10:34'),(54,35,47,'Photo',6,'User','themes','2014-07-17 18:10:34'),(55,36,48,'Photo',23,'User','themes','2014-07-25 10:07:42'),(56,36,49,'Photo',23,'User','themes','2014-07-25 10:11:10'),(57,37,49,'Photo',23,'User','themes','2014-07-25 10:11:10'),(58,36,50,'Photo',23,'User','themes','2014-07-25 10:12:30'),(59,37,50,'Photo',23,'User','themes','2014-07-25 10:12:30'),(60,36,51,'Photo',23,'User','themes','2014-07-25 10:13:47'),(61,37,51,'Photo',23,'User','themes','2014-07-25 10:13:47'),(62,36,52,'Photo',23,'User','themes','2014-07-25 10:14:55'),(63,37,52,'Photo',23,'User','themes','2014-07-25 10:14:55'),(64,36,53,'Photo',23,'User','themes','2014-07-25 10:16:08'),(65,37,53,'Photo',23,'User','themes','2014-07-25 10:16:08'),(66,36,54,'Photo',23,'User','themes','2014-07-25 10:17:15'),(67,37,54,'Photo',23,'User','themes','2014-07-25 10:17:15'),(68,36,55,'Photo',23,'User','themes','2014-07-25 10:18:29'),(69,37,55,'Photo',23,'User','themes','2014-07-25 10:18:29'),(70,36,56,'Photo',23,'User','themes','2014-07-25 10:19:46'),(71,37,56,'Photo',23,'User','themes','2014-07-25 10:19:46'),(74,36,58,'Photo',23,'User','themes','2014-07-25 10:21:33'),(75,37,58,'Photo',23,'User','themes','2014-07-25 10:21:33'),(76,36,59,'Photo',23,'User','themes','2014-07-25 10:22:45'),(77,37,59,'Photo',23,'User','themes','2014-07-25 10:22:45'),(78,36,60,'Photo',23,'User','themes','2014-07-25 10:23:48'),(79,37,60,'Photo',23,'User','themes','2014-07-25 10:23:48'),(82,24,62,'Photo',40,'User','themes','2014-07-28 14:52:42'),(83,38,62,'Photo',40,'User','themes','2014-07-28 14:52:42'),(84,24,62,'Photo',6,'User','themes','2014-07-29 13:42:37'),(85,38,62,'Photo',6,'User','themes','2014-07-29 13:42:37'),(86,26,42,'Photo',6,'User','themes','2014-07-29 14:02:27'),(87,25,39,'Photo',6,'User','themes','2014-07-29 14:05:53'),(90,39,69,'Photo',40,'User','themes','2014-08-10 06:50:15'),(91,40,71,'Photo',40,'User','themes','2014-08-10 06:53:33'),(92,40,70,'Photo',40,'User','themes','2014-08-10 06:54:03'),(93,40,72,'Photo',40,'User','themes','2014-08-10 06:57:00'),(94,24,74,'Photo',6,'User','themes','2014-08-17 05:37:12'),(95,38,74,'Photo',6,'User','themes','2014-08-17 05:37:13'),(184,39,63,'Photo',40,'User','themes','2014-08-22 06:38:46'),(185,42,97,'Photo',45,'User','themes','2014-10-11 13:32:42'),(186,43,97,'Photo',45,'User','themes','2014-10-11 13:32:42'),(187,44,98,'Photo',45,'User','themes','2014-10-11 13:35:26'),(188,45,98,'Photo',45,'User','themes','2014-10-11 13:35:26'),(189,43,98,'Photo',45,'User','themes','2014-10-11 13:35:26'),(190,46,98,'Photo',45,'User','themes','2014-10-11 13:35:26'),(191,47,99,'Photo',45,'User','themes','2014-10-11 13:37:49'),(192,48,100,'Photo',45,'User','themes','2014-10-11 13:38:46'),(193,49,101,'Photo',45,'User','themes','2014-10-11 13:40:29'),(194,50,101,'Photo',45,'User','themes','2014-10-11 13:40:29'),(195,51,101,'Photo',45,'User','themes','2014-10-11 13:41:02'),(196,43,101,'Photo',45,'User','themes','2014-10-11 13:41:02'),(197,52,101,'Photo',45,'User','themes','2014-10-11 13:41:02'),(198,51,102,'Photo',45,'User','themes','2014-10-11 13:44:37'),(199,49,102,'Photo',45,'User','themes','2014-10-11 13:44:37'),(200,53,102,'Photo',45,'User','themes','2014-10-11 13:44:37'),(201,43,102,'Photo',45,'User','themes','2014-10-11 13:44:37'),(202,54,103,'Photo',45,'User','themes','2014-10-11 13:46:36'),(203,51,103,'Photo',45,'User','themes','2014-10-11 13:46:36'),(204,49,103,'Photo',45,'User','themes','2014-10-11 13:46:36'),(205,43,103,'Photo',45,'User','themes','2014-10-11 13:46:36'),(206,55,104,'Photo',6,'User','themes','2014-10-11 15:53:15'),(207,56,104,'Photo',6,'User','themes','2014-10-11 15:53:15'),(208,57,104,'Photo',6,'User','themes','2014-10-11 15:53:15'),(209,58,104,'Photo',6,'User','themes','2014-10-11 15:55:38'),(210,26,125,'Photo',22,'User','themes','2014-10-14 11:47:40'),(211,59,125,'Photo',22,'User','themes','2014-10-14 11:48:11'),(212,26,126,'Photo',22,'User','themes','2014-10-14 11:49:24'),(213,59,126,'Photo',22,'User','themes','2014-10-14 11:49:24'),(214,26,127,'Photo',22,'User','themes','2014-10-14 11:50:22'),(215,59,127,'Photo',22,'User','themes','2014-10-14 11:50:22'),(216,26,128,'Photo',22,'User','themes','2014-10-14 11:51:01'),(217,59,128,'Photo',22,'User','themes','2014-10-14 11:51:01'),(218,26,129,'Photo',22,'User','themes','2014-10-14 11:51:54'),(219,59,129,'Photo',22,'User','themes','2014-10-14 11:51:54'),(220,26,130,'Photo',22,'User','themes','2014-10-14 11:52:34'),(221,59,130,'Photo',22,'User','themes','2014-10-14 11:52:34'),(222,26,131,'Photo',22,'User','themes','2014-10-14 11:53:10'),(223,59,131,'Photo',22,'User','themes','2014-10-14 11:53:10'),(224,26,132,'Photo',22,'User','themes','2014-10-14 11:53:54'),(225,59,132,'Photo',22,'User','themes','2014-10-14 11:53:54'),(226,26,133,'Photo',22,'User','themes','2014-10-14 11:55:02'),(227,59,133,'Photo',22,'User','themes','2014-10-14 11:55:02'),(228,26,134,'Photo',22,'User','themes','2014-10-14 12:51:23'),(229,59,134,'Photo',22,'User','themes','2014-10-14 12:51:23'),(230,26,135,'Photo',22,'User','themes','2014-10-14 12:52:16'),(231,59,135,'Photo',22,'User','themes','2014-10-14 12:52:16'),(232,26,136,'Photo',22,'User','themes','2014-10-14 12:53:14'),(233,59,136,'Photo',22,'User','themes','2014-10-14 12:53:14'),(234,21,152,'Photo',62,'User','themes','2014-10-15 05:17:55'),(235,60,152,'Photo',62,'User','themes','2014-10-15 05:17:55'),(236,26,152,'Photo',62,'User','themes','2014-10-15 05:17:55'),(245,61,156,'Photo',62,'User','themes','2014-10-15 05:21:57'),(246,62,156,'Photo',62,'User','themes','2014-10-15 05:21:57'),(247,63,157,'Photo',62,'User','themes','2014-10-15 05:24:22'),(248,26,157,'Photo',62,'User','themes','2014-10-15 05:24:22'),(249,5,160,'Photo',41,'User','themes','2014-10-15 11:36:36'),(256,68,177,'Photo',33,'User','themes','2014-10-15 16:33:04'),(257,69,177,'Photo',33,'User','themes','2014-10-15 16:33:04'),(258,70,178,'Photo',33,'User','themes','2014-10-15 16:34:25'),(259,47,178,'Photo',33,'User','themes','2014-10-15 16:34:25'),(260,46,178,'Photo',33,'User','themes','2014-10-15 16:34:25'),(261,71,179,'Photo',33,'User','themes','2014-10-15 16:35:35'),(262,72,179,'Photo',33,'User','themes','2014-10-15 16:35:35'),(263,21,180,'Photo',33,'User','themes','2014-10-15 16:36:08'),(264,73,180,'Photo',33,'User','themes','2014-10-15 16:36:08'),(265,46,180,'Photo',33,'User','themes','2014-10-15 16:36:08'),(266,74,181,'Photo',33,'User','themes','2014-10-15 16:37:05'),(267,75,181,'Photo',33,'User','themes','2014-10-15 16:37:05'),(268,76,181,'Photo',33,'User','themes','2014-10-15 16:37:05'),(269,71,182,'Photo',33,'User','themes','2014-10-15 16:38:19'),(270,71,183,'Photo',33,'User','themes','2014-10-15 16:38:47'),(271,77,183,'Photo',33,'User','themes','2014-10-15 16:38:47'),(272,78,183,'Photo',33,'User','themes','2014-10-15 16:38:47'),(273,79,183,'Photo',33,'User','themes','2014-10-15 16:38:47'),(274,74,189,'Photo',50,'User','themes','2014-10-16 06:31:13'),(275,5,189,'Photo',50,'User','themes','2014-10-16 06:31:13'),(276,77,193,'Photo',22,'User','themes','2014-10-16 11:16:33'),(277,77,194,'Photo',22,'User','themes','2014-10-16 11:17:25'),(278,80,195,'Photo',22,'User','themes','2014-10-16 11:21:01'),(279,81,197,'Photo',22,'User','themes','2014-10-16 11:23:20'),(282,64,203,'Photo',64,'User','themes','2014-10-16 13:51:41'),(283,65,203,'Photo',64,'User','themes','2014-10-16 13:51:41'),(284,67,203,'Photo',64,'User','themes','2014-10-16 13:51:41'),(285,64,204,'Photo',64,'User','themes','2014-10-16 13:55:29'),(286,65,204,'Photo',64,'User','themes','2014-10-16 13:55:29'),(287,46,225,'Photo',24,'User','themes','2014-10-19 14:53:53'),(288,82,225,'Photo',24,'User','themes','2014-10-19 14:53:53'),(289,83,225,'Photo',24,'User','themes','2014-10-19 14:53:53'),(290,84,225,'Photo',24,'User','themes','2014-10-19 14:53:53'),(291,62,225,'Photo',24,'User','themes','2014-10-19 14:53:53'),(292,85,225,'Photo',24,'User','themes','2014-10-19 14:53:53'),(293,5,225,'Photo',24,'User','themes','2014-10-19 14:53:53'),(294,46,226,'Photo',24,'User','themes','2014-10-19 14:56:14'),(295,8,226,'Photo',24,'User','themes','2014-10-19 14:56:14'),(296,26,226,'Photo',24,'User','themes','2014-10-19 14:56:14'),(297,21,226,'Photo',24,'User','themes','2014-10-19 14:56:14'),(298,84,226,'Photo',24,'User','themes','2014-10-19 14:56:14'),(299,86,226,'Photo',24,'User','themes','2014-10-19 14:56:14'),(300,86,227,'Photo',24,'User','themes','2014-10-19 14:59:40'),(301,66,227,'Photo',24,'User','themes','2014-10-19 14:59:40'),(302,84,227,'Photo',24,'User','themes','2014-10-19 14:59:40'),(303,87,227,'Photo',24,'User','themes','2014-10-19 14:59:40'),(304,88,227,'Photo',24,'User','themes','2014-10-19 14:59:40'),(305,55,227,'Photo',24,'User','themes','2014-10-19 14:59:40'),(306,28,47,'Photo',6,'User','themes','2014-11-06 06:04:51'),(307,76,47,'Photo',6,'User','themes','2014-11-06 06:06:51'),(308,76,18,'Photo',6,'User','themes','2014-11-06 06:07:25'),(309,28,18,'Photo',6,'User','themes','2014-11-06 06:07:25'),(310,29,18,'Photo',6,'User','themes','2014-11-06 06:08:16'),(311,28,2,'Photo',6,'User','themes','2014-11-06 06:08:45'),(312,28,19,'Photo',6,'User','themes','2014-11-06 06:09:13'),(313,76,37,'Photo',6,'User','themes','2014-11-06 06:09:52'),(314,28,37,'Photo',6,'User','themes','2014-11-06 06:09:52'),(315,76,45,'Photo',6,'User','themes','2014-11-06 06:10:58'),(316,28,45,'Photo',6,'User','themes','2014-11-06 06:10:58'),(317,76,46,'Photo',6,'User','themes','2014-11-06 06:11:26'),(318,28,46,'Photo',6,'User','themes','2014-11-06 06:11:26'),(319,28,74,'Photo',6,'User','themes','2014-11-06 06:12:37'),(320,57,74,'Photo',6,'User','themes','2014-11-06 06:12:37'),(321,28,104,'Photo',6,'User','themes','2014-11-06 06:13:29'),(322,29,104,'Photo',6,'User','themes','2014-11-06 06:13:48'),(323,62,267,'Photo',33,'User','themes','2014-11-11 03:35:11'),(324,5,270,'Photo',6,'User','themes','2014-11-14 17:45:56'),(325,64,270,'Photo',6,'User','themes','2014-11-14 17:45:56'),(326,89,270,'Photo',6,'User','themes','2014-11-14 17:45:56'),(327,90,270,'Photo',6,'User','themes','2014-11-14 17:45:56'),(328,91,271,'Photo',6,'User','themes','2014-11-14 18:13:09'),(331,93,271,'Photo',6,'User','themes','2014-11-14 18:17:05'),(332,30,272,'Photo',6,'User','themes','2014-11-14 18:27:00'),(333,94,272,'Photo',6,'User','themes','2014-11-14 18:27:00'),(334,89,272,'Photo',6,'User','themes','2014-11-14 18:48:04'),(335,64,272,'Photo',6,'User','themes','2014-11-14 18:48:04'),(336,64,2,'Photo',6,'User','themes','2014-11-14 18:48:29'),(337,89,2,'Photo',6,'User','themes','2014-11-14 18:48:29'),(338,95,293,'Photo',105,'User','themes','2014-11-19 09:31:36'),(339,96,293,'Photo',105,'User','themes','2014-11-19 09:31:36'),(340,1,296,'Photo',105,'User','themes','2014-11-19 15:49:14');
/*!40000 ALTER TABLE `taggings` ENABLE KEYS */;
UNLOCK TABLES;

--
-- Table structure for table `tags`
--

DROP TABLE IF EXISTS `tags`;
/*!40101 SET @saved_cs_client     = @@character_set_client */;
/*!40101 SET character_set_client = utf8 */;
CREATE TABLE `tags` (
  `id` int(11) NOT NULL AUTO_INCREMENT,
  `name` varchar(255) DEFAULT NULL,
  `taggings_count` int(11) DEFAULT '0',
  PRIMARY KEY (`id`),
  UNIQUE KEY `index_tags_on_name` (`name`)
) ENGINE=InnoDB AUTO_INCREMENT=97 DEFAULT CHARSET=utf8;
/*!40101 SET character_set_client = @saved_cs_client */;

--
-- Dumping data for table `tags`
--

LOCK TABLES `tags` WRITE;
/*!40000 ALTER TABLE `tags` DISABLE KEYS */;
INSERT INTO `tags` VALUES (1,'уличный портрет',10),(2,'счастливый билетик',3),(3,'7я',0),(4,'по дороге с облаками',3),(5,'русский пейзаж',7),(6,'кулаково',3),(7,'у шаповала',3),(8,'настроение',4),(9,'архиметрия',3),(10,'фотографика',3),(11,'кадровыражение',3),(12,'апроприационное фото',3),(13,'метафизика',3),(14,'собачья жизнь',3),(15,'ямал',3),(16,'экологическая экспедиция',15),(17,'тундра',3),(18,'съемка с вертолёта',3),(19,'остров белый',9),(20,'карское море',6),(21,'закат',6),(22,'футбол',9),(23,'дворовые игры',9),(24,'дети',16),(25,'ливень',7),(26,'набережная туры',19),(27,'двое',3),(28,'life',15),(29,'стрит',5),(30,'лица',4),(31,'женское',3),(32,'дворовая команда',9),(33,'лавочка',3),(34,'однажды на лавочке',3),(35,'парк',3),(36,'коммунистическая улица',36),(37,'репортаж',33),(38,'детство',7),(39,'мотоциклы',6),(40,'гимнасты',9),(41,'some',0),(42,'абстракция',1),(43,'цвет',5),(44,'индия',1),(45,'2014',1),(46,'город',5),(47,'зима',2),(48,'2006',1),(49,'2007',3),(50,'либерия',1),(51,'африка',3),(52,'старая_открытка',1),(53,'дрк',1),(54,'котдивуар',1),(55,'турция',2),(56,'пляж',1),(57,'люди',2),(58,'белек',1),(59,'туман',12),(60,'на',1),(61,'театр',1),(62,'тюмень',3),(63,'панарама',1),(64,'пленка',5),(65,'средний формат',2),(66,'природа',1),(67,'венеция',1),(68,'закаты',1),(69,'производство',1),(70,'ночь',1),(71,'лето',3),(72,'небо',1),(73,'строительство',1),(74,'чб',2),(75,'животный мир',1),(76,'жанр',6),(77,'озеро',3),(78,'лес',1),(79,'поле',1),(80,'верхотурье',1),(81,'мост',1),(82,'церковь',1),(83,'вера',1),(84,'кутергина',3),(85,'архитектура',1),(86,'пейзаж',2),(87,'горы',1),(88,'анталия',1),(89,'черно-белое',3),(90,'у реки',1),(91,'провода',1),(92,'есное',0),(93,'небесное',1),(94,'за работой',1),(95,'солдат',1),(96,'память',1);
/*!40000 ALTER TABLE `tags` ENABLE KEYS */;
UNLOCK TABLES;

--
-- Table structure for table `topics`
--

DROP TABLE IF EXISTS `topics`;
/*!40101 SET @saved_cs_client     = @@character_set_client */;
/*!40101 SET character_set_client = utf8 */;
CREATE TABLE `topics` (
  `id` int(11) NOT NULL AUTO_INCREMENT,
  `name` varchar(255) DEFAULT NULL,
  `content` varchar(255) DEFAULT NULL,
  `created_at` datetime DEFAULT NULL,
  `updated_at` datetime DEFAULT NULL,
  PRIMARY KEY (`id`)
) ENGINE=InnoDB AUTO_INCREMENT=12 DEFAULT CHARSET=utf8;
/*!40101 SET character_set_client = @saved_cs_client */;

--
-- Dumping data for table `topics`
--

LOCK TABLES `topics` WRITE;
/*!40000 ALTER TABLE `topics` DISABLE KEYS */;
INSERT INTO `topics` VALUES (2,'Портрет (portrait)','','2014-04-20 16:31:36','2014-11-14 16:42:11'),(3,'Пейзаж (landscape)','','2014-04-20 16:31:46','2014-11-14 16:42:30'),(4,'Фотоистория (photostory)','','2014-04-20 16:35:40','2014-11-14 16:43:31'),(5,'Ню (nu)','18+','2014-04-20 16:36:40','2014-11-14 16:53:20'),(6,'Жанровое фото и стрит. (documentary)','','2014-04-20 16:38:10','2014-11-14 16:45:23'),(7,'Апроприационное (metaphysics. appropriation)','Метафизика','2014-04-20 16:41:45','2014-11-14 17:34:39'),(8,'Натюрморт (nature morte)','','2014-04-20 16:43:48','2014-11-14 16:49:33'),(9,'Природа (nature)','Анималистика','2014-04-20 16:44:28','2014-11-14 16:51:34'),(10,'Архитектурное (architecture)','','2014-09-03 10:59:48','2014-11-14 16:51:55'),(11,'Иное (other)','То, что не укладывается в перечисленные жанры.','2014-09-03 11:00:33','2014-11-14 16:52:20');
/*!40000 ALTER TABLE `topics` ENABLE KEYS */;
UNLOCK TABLES;

--
-- Table structure for table `user_subscriptions`
--

DROP TABLE IF EXISTS `user_subscriptions`;
/*!40101 SET @saved_cs_client     = @@character_set_client */;
/*!40101 SET character_set_client = utf8 */;
CREATE TABLE `user_subscriptions` (
  `id` int(11) NOT NULL AUTO_INCREMENT,
  `kind` int(11) DEFAULT NULL,
  `user_id` int(11) DEFAULT NULL,
  `created_at` datetime DEFAULT NULL,
  `updated_at` datetime DEFAULT NULL,
  `author_id` int(11) DEFAULT NULL,
  PRIMARY KEY (`id`),
  KEY `index_user_subscriptions_on_user_id` (`user_id`)
) ENGINE=InnoDB AUTO_INCREMENT=2 DEFAULT CHARSET=utf8;
/*!40101 SET character_set_client = @saved_cs_client */;

--
-- Dumping data for table `user_subscriptions`
--

LOCK TABLES `user_subscriptions` WRITE;
/*!40000 ALTER TABLE `user_subscriptions` DISABLE KEYS */;
INSERT INTO `user_subscriptions` VALUES (1,0,1,'2014-09-05 07:28:59','2014-09-05 07:28:59',NULL);
/*!40000 ALTER TABLE `user_subscriptions` ENABLE KEYS */;
UNLOCK TABLES;

--
-- Table structure for table `users`
--

DROP TABLE IF EXISTS `users`;
/*!40101 SET @saved_cs_client     = @@character_set_client */;
/*!40101 SET character_set_client = utf8 */;
CREATE TABLE `users` (
  `id` int(11) NOT NULL AUTO_INCREMENT,
  `email` varchar(255) NOT NULL DEFAULT '',
  `encrypted_password` varchar(255) NOT NULL DEFAULT '',
  `reset_password_token` varchar(255) DEFAULT NULL,
  `reset_password_sent_at` datetime DEFAULT NULL,
  `remember_created_at` datetime DEFAULT NULL,
  `sign_in_count` int(11) DEFAULT '0',
  `current_sign_in_at` datetime DEFAULT NULL,
  `last_sign_in_at` datetime DEFAULT NULL,
  `current_sign_in_ip` varchar(255) DEFAULT NULL,
  `last_sign_in_ip` varchar(255) DEFAULT NULL,
  `created_at` datetime DEFAULT NULL,
  `updated_at` datetime DEFAULT NULL,
  `name` varchar(255) DEFAULT NULL,
  `confirmation_token` varchar(255) DEFAULT NULL,
  `confirmed_at` datetime DEFAULT NULL,
  `confirmation_sent_at` datetime DEFAULT NULL,
  `unconfirmed_email` varchar(255) DEFAULT NULL,
  `avatar` varchar(255) DEFAULT NULL,
  `last_name` varchar(255) DEFAULT NULL,
  `zip` varchar(255) DEFAULT NULL,
  `adress` varchar(255) DEFAULT NULL,
  `zip_code` varchar(255) DEFAULT NULL,
  `city` varchar(255) DEFAULT NULL,
  `country` varchar(255) DEFAULT NULL,
  `phone` varchar(255) DEFAULT NULL,
  `about` text,
  `login` varchar(255) DEFAULT NULL,
  `slug` varchar(255) DEFAULT NULL,
  `birth_date` date DEFAULT NULL,
  `photos_count` int(11) DEFAULT NULL,
  PRIMARY KEY (`id`),
  UNIQUE KEY `index_users_on_email` (`email`),
  UNIQUE KEY `index_users_on_reset_password_token` (`reset_password_token`),
  KEY `index_users_on_last_name_and_name` (`last_name`,`name`)
) ENGINE=InnoDB AUTO_INCREMENT=108 DEFAULT CHARSET=utf8;
/*!40101 SET character_set_client = @saved_cs_client */;

--
-- Dumping data for table `users`
--

LOCK TABLES `users` WRITE;
/*!40000 ALTER TABLE `users` DISABLE KEYS */;
INSERT INTO `users` VALUES (1,'vith77@gmail.com','$2a$10$8TDQIhtbXeB56ippPdtuG.oOlOyC9WO9BnBhef.AWZB3dXgWMkjY.','ccbd18976dad095c4e03b0d82cd73f2a5cb806f539cc314527d6c7d8bcb3b158','2014-10-29 06:44:23',NULL,175,'2014-11-19 15:54:01','2014-11-19 14:56:37','80.91.24.105','80.91.24.105','2014-04-17 14:07:11','2014-11-19 15:54:01','Виталий',NULL,'2014-04-17 14:09:34','2014-04-17 14:07:11',NULL,'31685_102586116454180_3599589_n.jpg','Нестеренко',NULL,'не дом и не улица','625000','Тюмень','Russian Federation','','<p>\r\n	   Тут много букв</p>','vith','vith','1977-11-14',1),(6,'nyksu@yandex.ru','$2a$10$ZsG9/uYvFNsK/05HwrQhye/cLQb8zDRjnA5pqpi8/Wdnb9BM0puWu',NULL,NULL,NULL,231,'2014-11-19 12:20:06','2014-11-19 11:19:16','92.255.165.65','92.255.165.65','2014-04-18 09:56:40','2014-11-19 12:20:06','Николай (Nikolay)',NULL,'2014-04-18 09:56:57','2014-04-18 09:56:40',NULL,'183464_102893556458150_6176308_a.jpg','Сульженко (Sulzhenko)',NULL,'ул. Ставропольская, д. 11А, кв. 76','625062','Тюмень','RU','+79222615141','<p>\r\n	 <span style=\"background-color: initial;\">Родился в г. Тюмени в 1973 году. </span></p><p>\r\n	 <br>\r\n	 Фотокамеру взял в руки впервые в 1984 году, и с тех пор так или иначе фотографировал, постепенно постигая теорию и навыки фотопроцесса. <br>\r\n	 Переломным моментом в моей творческой деятельности явилось создание фотосайта \"ФотоРегион\" в конце июля 2004 года. С этого момента я кардинально поменял взгляд на фотографию и всерьез ей увлекся.</p><p>\r\n	С сотоварищами и коллегами получилось собрать коллектив единомышленников и создать фотоклуб с тем же наименованием, что и сайт - \"ФотоРегион\".</p><p>\r\n	Вместе организовывали неоднократно семинары и мастер-классы с известными фотографами, устраивали фотовыставки и фотоконкурсы. Что позволяло заметно расти в творческом потенциале.</p><p>\r\n	С сентября 2009 года я стал официально преподавать фотографию в фотошколе \"Первый кадр\", что дало дополнительное осознание сути фотографии.</p><p>\r\n	С ноября 2010 года открыл свою фото-школу в рамках проекта \"Гильдия фотографов\".</p><p>\r\n	Неоднократно участвовал в фотовыставках, фотоконкурсах, неоднократно приглашался в жюри для оценок фоторабот. Самым значимым для меня достижением в фото-творчестве, конечно же, считаю получение золотой медали за первое место в международном фотоконкурсе портрета (Словения 2008 год) под эгидой международной ассоциации фотографов FIAP.</p>','Nyk','nyk','1973-10-29',18),(7,'julagella@yandex.ru','$2a$10$PZ7Dn.JZS1sqLgqfjQ/jCezD1AkrS.cZwE4jDufSAd4JmyZxy6hwC',NULL,NULL,'2014-06-29 08:31:38',2,'2014-06-29 16:08:12','2014-06-29 08:31:38','92.255.165.65','92.255.165.65','2014-06-29 04:13:26','2014-06-29 17:17:56','Юлия',NULL,'2014-06-29 04:46:40','2014-06-29 04:13:27',NULL,'IMG_0112-web.jpg','Сульженко',NULL,'Stavropolskaya str., 11a, 76','625062','Tyumen','Russian Federation','+79058251947','','Photogella','photogella',NULL,7),(12,'info@darkroom.su','$2a$10$VS7/HeYksjK8nxY3KIhr6ucskyGxVrxYtVerCoOfPfQsacmJ5lN9G',NULL,NULL,NULL,0,NULL,NULL,NULL,NULL,'2014-06-29 16:29:47','2014-06-29 17:18:02','Никита',NULL,'2014-06-29 17:18:20','2014-06-29 16:29:48',NULL,NULL,'Куратов',NULL,NULL,NULL,NULL,NULL,NULL,NULL,'nikitasunych','nikitasunych',NULL,0),(13,'azasekin@yandex.ru','$2a$10$DaR5NY5J1zKKGZ8risQhxOWz.I.5azZ.aL8cAuCg0Bvlcpv9pYU2u',NULL,NULL,'2014-10-12 03:53:43',13,'2014-10-16 02:34:42','2014-10-15 14:50:24','217.118.83.183','217.118.83.226','2014-06-29 16:36:32','2014-10-16 02:34:42','Александр',NULL,'2014-06-29 17:18:20','2014-06-29 16:36:32',NULL,'____________________________.jpg','Засекин',NULL,'','','','','','','','',NULL,15),(14,'de.mo@mail.ru','$2a$10$nTvFZeUxW3.198ly2r5IG.SMyqZC3W2SZ6HjR0fyR.v/HVZm9B8BW',NULL,NULL,NULL,1,'2014-10-31 17:24:44','2014-10-31 17:24:44','5.1.55.109','5.1.55.109','2014-06-29 16:54:36','2014-10-31 17:32:17','Денис',NULL,'2014-06-29 17:18:20','2014-06-29 16:54:36',NULL,'avatar.jpg','Моргунов',NULL,'Pobedy,28','625003','Tyumen','RU','+79044939065','<p>http://foto-look.ru</p>','Denis','denis',NULL,0),(15,'schkotovo@mail.ru','$2a$10$NmIaKQvplmNOvVkFGcdNS.qYDDAAOLPw9LJp.oHO4jta4iujqSFk.',NULL,NULL,NULL,0,NULL,NULL,NULL,NULL,'2014-06-29 16:55:16','2014-06-29 17:18:15','Сережа',NULL,'2014-06-29 17:18:20','2014-06-29 16:55:16',NULL,NULL,'Шаповал',NULL,NULL,NULL,NULL,NULL,NULL,NULL,'папаШапа','papashapa',NULL,0),(16,'fantabulous@mail.ru','$2a$10$asxzlBbYqdSR042UdY9bsuTp3Pg7tfWCRSLVHAR6aDpO5hRb/lGzW',NULL,NULL,NULL,5,'2014-10-18 14:25:36','2014-10-17 14:02:24','188.186.80.20','188.186.28.54','2014-06-29 17:46:13','2014-10-18 14:25:36','Надежда',NULL,'2014-06-29 17:18:20','2014-06-29 17:46:13',NULL,NULL,'Поплавская',NULL,NULL,NULL,NULL,NULL,NULL,NULL,'Chocoboy','chocoboy-0d79e046-1385-4011-ae18-fe5b31ca0141',NULL,3),(17,'amusic59@mail.ru','$2a$10$k8Zm8N6FrLwxJ4SS6Z94qet0bu1fIICNW3URhw0yXPtyBuMy/SI12',NULL,NULL,'2014-07-06 10:28:03',4,'2014-07-19 14:24:03','2014-07-06 10:28:03','188.186.29.1','176.214.253.83','2014-06-29 17:48:24','2014-07-19 14:24:03','Андрей',NULL,'2014-06-29 17:18:20','2014-06-29 17:48:24',NULL,NULL,'Павлычев',NULL,NULL,NULL,NULL,NULL,NULL,NULL,'amusic59','amusic59-866c053d-5a20-48bf-a9bd-923648f1b133',NULL,0),(19,'gololobova75@mail.ru','$2a$10$QhVekDYGyXzYpA1AlriZQuMR8w12ffabkmWZHyxI2HJD9DizkN5O.',NULL,NULL,NULL,0,NULL,NULL,NULL,NULL,'2014-06-29 21:19:21','2014-06-30 02:16:44','Анастасия',NULL,'2014-06-29 17:18:20','2014-06-29 21:19:21',NULL,NULL,'Гололобова',NULL,NULL,NULL,NULL,NULL,NULL,NULL,'','-960b8aed-a8c5-49d4-b4f0-2f23a207a140',NULL,0),(20,'iggykovs@mail.ru','$2a$10$Nfu52B.6pOiZn40A6Wzec.P3k/w/O.WbZ8jHDXnH6/2BfLjLtTlOW',NULL,NULL,'2014-10-20 04:07:24',5,'2014-10-28 01:26:54','2014-10-25 12:32:55','37.79.157.232','178.47.166.218','2014-06-30 03:35:05','2014-10-28 01:26:54','Игорь',NULL,'2014-06-29 17:18:20','2014-06-30 03:35:05',NULL,NULL,'Ковалев',NULL,NULL,NULL,NULL,NULL,NULL,NULL,'GhostFish','ghostfish-71d7bf37-b0bb-4640-baa1-77e31d08a2d2',NULL,16),(22,'gor-z@yandex.ru','$2a$10$7XsQifSHdyXQ5xQMHwnM4ebmGoDSGh1caym5zGJ2X27FnXdbMC1pi','qkXgSnsdiZLBqHnZmbVV',NULL,NULL,11,'2014-10-26 06:27:11','2014-10-20 14:19:48','5.140.203.86','5.141.235.206','2014-06-30 07:52:46','2014-10-26 06:27:11','Людмила',NULL,'2014-06-30 07:52:46','2014-06-30 07:52:46',NULL,NULL,'Цвиккер',NULL,NULL,NULL,NULL,NULL,NULL,NULL,'Мила','mila',NULL,18),(23,'svetlana2883@mail.ru','$2a$10$PI53iz.gLUTvgN2mDHfm.Om3lr/MZ1GLr3a48gpDPYS4GB949PdAK',NULL,NULL,'2014-10-20 12:47:27',8,'2014-10-23 10:33:07','2014-10-20 12:47:27','188.186.82.196','188.186.126.211','2014-06-30 08:06:15','2014-10-23 10:33:07','Светлана',NULL,'2014-06-30 08:06:15','2014-06-30 08:06:15',NULL,NULL,'Еремина',NULL,'республики 210 -31','625019','тюмень','Russian Federation','','','shafali','shafali',NULL,12),(24,'kutergina2007@mail.ru','$2a$10$mnfAKr5hEuL5gPYbpPVIjeRoKXLWz0pi3BqJtuTMhGt6iXQIOQZaW',NULL,NULL,'2014-10-19 14:24:35',2,'2014-11-01 07:47:01','2014-10-19 14:24:35','176.214.255.12','188.186.61.251','2014-06-30 14:17:58','2014-11-01 07:47:01','Александра',NULL,'2014-06-30 14:17:58','2014-06-30 14:17:58',NULL,NULL,'Кутергина',NULL,'','','','','','','kabachok1','kabachok1','1970-05-16',3),(25,'pominova.es@gmail.com','$2a$10$1XBDbOix0D7T64WoODEU5.DzicSOKGd7zU2b1r209oxcS7lpYPzAy',NULL,NULL,NULL,1,'2014-10-24 18:02:04','2014-10-24 18:02:04','109.105.161.128','109.105.161.128','2014-06-30 15:09:26','2014-10-24 18:02:04','Елена',NULL,'2014-06-30 15:09:26','2014-06-30 15:09:26',NULL,NULL,'Коптяева',NULL,NULL,NULL,NULL,NULL,NULL,NULL,'Елена Коптяева|ElenaKES','elena-koptyaeva-elenakes',NULL,0),(28,'sumiva@ya.ru','$2a$10$x0s4zkGvoBa0Q7T6vtlG0Oz/SIPOg63T9QIU/TbZXaZjswdXEuynO','GwtTXkLdYBxvejLUFFqE',NULL,'2014-10-19 23:21:31',6,'2014-10-20 08:13:35','2014-10-20 08:08:05','188.186.24.41','188.186.24.41','2014-07-01 01:31:34','2014-10-20 08:13:35','Иван',NULL,'2014-07-01 01:31:53','2014-07-01 01:31:34',NULL,'1111.jpg','Сумкин',NULL,'','','Тюмень','Russian Federation','+79044980807','','ivan_sumkin','ivan_sumkin',NULL,3),(29,'paul_a66@mail.ru','$2a$10$OVTrjwPoiNEl05ZS.XzgsuEYMq1fiKyl4UEtTacoy8.dPh8cLO4/a','4BcxjmxpsELgusPDDKNy',NULL,'2014-10-15 04:39:16',9,'2014-10-27 05:09:01','2014-10-25 05:45:38','109.105.170.133','109.105.170.133','2014-07-01 06:23:54','2014-10-27 05:09:02','Павел',NULL,'2014-07-01 06:23:54','2014-07-01 06:23:54',NULL,'fog_pad_2.jpg','Анущенко',NULL,' Profsoyuznaya str, 92-35','625000','Tyumen','RU','','','padlik','padlik','1966-08-14',3),(30,'karaber@mail.ru','$2a$10$8JoEK.djr58mNnTLkUY3L.991sxPaKEP5ME23b7jReemn7IHCH38K',NULL,NULL,'2014-07-02 07:48:04',1,'2014-07-02 07:48:04','2014-07-02 07:48:04','31.163.89.88','31.163.89.88','2014-07-01 06:30:53','2014-07-02 07:48:04','Дмитрий',NULL,'2014-07-01 06:30:53','2014-07-01 06:30:53',NULL,NULL,'Караберов',NULL,NULL,NULL,NULL,NULL,NULL,NULL,'KARABER','karaber-1fa73645-bcb6-4e09-9d73-13e727a7873d',NULL,0),(31,'sashrussian@yandex.ru','$2a$10$S2HX.phNO5ACqEFBMmxGV.wwCtPuquxIXEAhH8oF9adOZYD6JBx7a',NULL,NULL,NULL,2,'2014-07-01 16:45:22','2014-07-01 06:51:26','188.186.100.49','188.186.100.49','2014-07-01 06:50:30','2014-07-01 16:45:22','Александр',NULL,'2014-07-01 06:50:52','2014-07-01 06:50:30',NULL,NULL,'Рябцев',NULL,NULL,NULL,NULL,NULL,NULL,NULL,'sash_russian','sash_russian-c10a4448-23cc-44fb-a55b-c4b5a6cfb488',NULL,0),(32,'oelesina@inbox.ru','$2a$10$YqSO8EL6WSo3zYwCpeCll.0CIBGSN.XLOn5VqknQg8eZvNYDzAAr.',NULL,NULL,'2014-07-01 17:02:45',3,'2014-10-15 00:30:45','2014-07-03 04:16:55','87.254.135.96','217.195.209.10','2014-07-01 16:57:06','2014-10-15 00:30:45','Ольга',NULL,'2014-07-01 16:57:06','2014-07-01 16:57:06',NULL,'y_fbe1720e.jpg','Елесина',NULL,'','','','','89222699584','','','-9d339dcd-6734-442a-ad48-c9e148cd70c5',NULL,0),(33,'mail@izosimov72.ru','$2a$10$SQDo.efIfQTQ06OSxXbqz.oDo5bPAAJlJmeEkDPdPSV20JSTKZ5Ja',NULL,NULL,'2014-11-11 03:33:59',4,'2014-11-11 03:33:59','2014-10-16 14:23:48','109.105.175.64','109.105.165.10','2014-07-02 05:52:24','2014-11-11 03:33:59','Дмитрий',NULL,'2014-07-02 05:52:40','2014-07-02 05:52:24',NULL,NULL,'Изосимов',NULL,NULL,NULL,NULL,NULL,NULL,NULL,'izosimov72.ru','izosimov72-ru-d33b8cfd-304a-4996-94ff-19b40e865bf4',NULL,11),(34,'sergei.butorin@gmail.com','$2a$10$dOcvxUNNMF1pvJHS3bk5ceUhwdJ37VkQK2eawyrYIvUrYhzdhVmma',NULL,NULL,NULL,1,'2014-07-03 05:57:35','2014-07-03 05:57:35','178.236.220.161','178.236.220.161','2014-07-03 05:55:22','2014-07-03 08:33:04','Сергей',NULL,'2014-07-03 05:57:30','2014-07-03 05:55:22',NULL,NULL,'Буторин',NULL,NULL,NULL,NULL,NULL,NULL,NULL,'Aikon','aikon-feeb74b5-eb03-4bee-a992-6aad59e57242',NULL,0),(35,'olga.znv@yandex.ru','$2a$10$2oO8QF6zMsL29.TvaQUom.qbelWgVFvYQr7ebVxRdsgqwsUGRKLUW',NULL,NULL,NULL,0,NULL,NULL,NULL,NULL,'2014-07-03 06:33:59','2014-07-03 06:33:59','Ольга',NULL,'2014-07-03 06:33:59','2014-07-03 06:33:59',NULL,NULL,'Завидонова',NULL,NULL,NULL,NULL,NULL,NULL,NULL,'Хельга','helga',NULL,0),(40,'urmandes@mail.ru','$2a$10$KkgVA4AfQyFKyfuWWmwrueYXgY74EYGjYgFLW/scYl/eNCaXpmXBW',NULL,NULL,NULL,3,'2014-08-10 06:42:21','2014-07-28 14:45:55','188.186.39.163','188.186.16.242','2014-07-06 00:47:15','2014-08-10 06:42:21','Юрий ',NULL,'2014-07-06 00:50:14','2014-07-06 00:47:15',NULL,NULL,'Сергеевич',NULL,NULL,NULL,NULL,NULL,NULL,NULL,'Юрмандес','yurmandes',NULL,13),(41,'volkodav.a@mail.ru','$2a$10$bAH4xlJ0Vc5fEDWN1L.xpOVjXwS8yJny6rLPyg3GYKeRTMtHxgR.a',NULL,NULL,'2014-10-15 11:16:26',11,'2014-10-20 13:41:58','2014-10-18 13:29:26','213.87.240.207','213.87.240.196','2014-07-06 13:32:11','2014-10-20 13:41:58','Артём',NULL,'2014-07-06 13:33:44','2014-07-06 13:32:11',NULL,'1_jpg.jpg','Волкодав',NULL,'','','','','','','Артемий','artemiy',NULL,1),(42,'firehell1983@inbox.ru','$2a$10$J0dxuoSwV0npXPvv0QxNHuCSEu4zTOmOEEHTiu3l9sO1AKctA7mtC','zkiB6jp3VWh7Vt5U5YsW',NULL,NULL,7,'2014-11-03 16:36:11','2014-11-03 16:31:48','5.141.234.20','5.141.234.20','2014-07-08 18:56:39','2014-11-03 16:36:11','Александр',NULL,'2014-07-08 18:56:39','2014-07-08 18:56:39',NULL,'10308336_311234532376171_4861059742218255612_n.jpg','Тарасов',NULL,'','625028','Tyumen','RU','','','firehell','firehell','1983-11-05',6),(43,'evgen4in@gmail.com','$2a$10$MA5/Ji8pjaWjoQKffdq5uOzBJg6HAj/UiNcGCitD1FnHbXavdQeoy',NULL,NULL,'2014-11-15 15:48:25',5,'2014-11-15 15:48:25','2014-10-08 07:41:16','77.239.221.213','80.91.27.177','2014-08-04 05:31:12','2014-11-15 15:48:25','Евгений','b543ee9fea2261a4f0b155c33d57a5eee70b4a5853a90084b207a45a9803e90b','2014-08-04 05:31:42','2014-08-04 05:31:13',NULL,NULL,'Кинчин',NULL,'','','','','','','ekinchin','ekinchin','1987-03-07',0),(45,'mikhail@yukhnovskiy.com','$2a$10$YmRbHTL4imrhMiGaS/WjQeVDKAY9LBEClGRKpWjwA9FBklA0W5aii','JZtgF5yMyo6aBekB-rT2',NULL,NULL,2,'2014-10-15 00:55:51','2014-10-11 13:29:52','91.240.25.36','91.211.193.99','2014-10-11 13:09:17','2014-10-15 00:55:51','Михаил','e9607d6aff3915bfef07a2d0e80fc2bb2d671b2c087919cb0f8b6f2a1e64a83f','2014-10-11 13:28:12','2014-10-11 13:27:27',NULL,NULL,'Юхновский',NULL,NULL,NULL,NULL,NULL,NULL,NULL,'latekelem','latekelem',NULL,13),(46,'plishkin2012@gmail.com','$2a$10$Fkgo2moQ4duERn3q.gBpau2ezCF92zWq6Lv/Gr9w6SrCUpA5JAvDu',NULL,NULL,NULL,1,'2014-10-12 04:18:53','2014-10-12 04:18:53','188.186.88.8','188.186.88.8','2014-10-11 16:00:11','2014-10-12 04:18:53','Сергей','0685f82874a17b6f3129021f45586a27126772ea9101e7384457316b366cab04','2014-10-11 16:27:53','2014-10-11 16:00:11',NULL,NULL,'Плишкин',NULL,NULL,NULL,NULL,NULL,NULL,NULL,'SergeyPlishkin','sergeyplishkin',NULL,NULL),(47,'uis@mail.ru','$2a$10$CbveqPHz20D3Lke4Hd132u2c3spAUPBlj.oVsjNsXhMk4WwkmxUzC',NULL,NULL,'2014-10-11 16:19:00',1,'2014-10-11 16:19:00','2014-10-11 16:19:00','80.91.20.50','80.91.20.50','2014-10-11 16:16:46','2014-10-11 16:24:56','Игорь','6ce40a921aa504c3da08624c7f95cd01a70754ff390137f2c5199ea52e09f20e','2014-10-11 16:18:29','2014-10-11 16:16:46',NULL,'ava_002.jpg','Уманский',NULL,'','','','','','','Игорь Сергеевич','igor-sergeevich',NULL,NULL),(48,'zov_222@rambler.ru','$2a$10$e5D0Zo0vIayqgdloBxPFguN/yvhtfCyYYxur2HF3Bp4UYxNs7EEQG',NULL,NULL,NULL,1,'2014-10-11 16:19:55','2014-10-11 16:19:55','80.91.20.50','80.91.20.50','2014-10-11 16:17:07','2014-10-11 16:34:40','Ольга','24bcc3c919bce443e56f7fa84378221dfb912861dac6996ea5bc8193d3a3aae0','2014-10-11 16:19:08','2014-10-11 16:17:07',NULL,'DSC_7242.JPG','Зуйкова',NULL,'','','','','','','Олька','olka',NULL,NULL),(49,'vadim_sharov@mail.ru','$2a$10$sF/uKmtx2rTsVOQdNNFq1eJ/8oEd3Bc9GQFWq.f/xb2E/NWVGtUZm',NULL,NULL,'2014-10-17 11:02:05',4,'2014-10-29 13:08:34','2014-10-23 10:34:05','109.163.245.245','109.163.245.245','2014-10-12 01:00:59','2014-10-29 13:08:35','Вадим','909f55dea0e455a3f6299c4dfea4109e73abc47985b5885b220995730b11933b','2014-10-12 04:07:16','2014-10-12 01:00:59',NULL,NULL,'Шаров',NULL,NULL,NULL,NULL,NULL,NULL,NULL,'vadim','vadim',NULL,5),(50,'ra008@mail.ru','$2a$10$PBiQQJ3OD3j0iUfhjdjNFe/He5iacTUCzIzAXAHt0QKFlxrY5O3Wy',NULL,NULL,NULL,2,'2014-10-16 06:27:50','2014-10-12 03:41:38','188.186.76.47','188.186.84.7','2014-10-12 03:40:02','2014-10-16 06:37:57','Александр','7b3fe8d85ebf752aac16c931d465b82daa9959f9a4d42d7b54a6fec762b6d143','2014-10-12 03:41:23','2014-10-12 03:40:02',NULL,'IMG_6568.JPG','Рябцев',NULL,'Тюмень','625028','Тюмень','RU','','','Dream on','dream-on',NULL,2),(51,'mail@winsel.ru','$2a$10$2I1of6rl3YiTN7qGIu03VeaO7KMFcE.u1cF3DfLHQwqxBlmtaRbWa',NULL,NULL,'2014-10-12 09:47:45',2,'2014-10-19 08:16:30','2014-10-12 09:47:45','80.91.20.107','5.1.49.200','2014-10-12 06:41:07','2014-10-19 08:16:30','Иван','18483bfa8b4bfd0fe6e9f7698e01e13777d0879e1728fbcee72c032536a7a306','2014-10-12 06:46:52','2014-10-12 06:41:07',NULL,NULL,'Сидоренко',NULL,NULL,NULL,NULL,NULL,NULL,NULL,'Winsel','winsel',NULL,12),(53,'luee@yandex.ru','$2a$10$XTm6r/TbEq.7cMEBjlT/ReMnfM/Kzw2/YNfSTeZUoW5NiJyD3Ttky',NULL,NULL,NULL,0,NULL,NULL,NULL,NULL,'2014-10-12 14:41:45','2014-10-12 15:18:41','Людмила','06ba10433faa45f4712b6f5ef1987943da518c070c4164c49d3dd28f038b979c','2014-10-12 15:18:40','2014-10-12 14:41:46',NULL,NULL,'Ермакова',NULL,NULL,NULL,NULL,NULL,NULL,NULL,'Luee','luee','1982-12-20',NULL),(54,'in_spite@mail.ru','$2a$10$1bQGiO7MbuS9YFWf/uhuzu7eqwoT4eeBv8bNSVmLKxlG2EnlVK92.',NULL,NULL,'2014-10-13 03:29:33',1,'2014-10-13 03:29:33','2014-10-13 03:29:33','178.236.220.187','178.236.220.187','2014-10-13 03:28:39','2014-10-13 03:29:33','Eлена','2200041fe85a3001591901fa694cbd146b85874e8f114f62b214f8f6b9ea197e','2014-10-13 03:29:15','2014-10-13 03:28:39',NULL,NULL,'Богданова',NULL,NULL,NULL,NULL,NULL,NULL,NULL,'Photopaprika','photopaprika',NULL,NULL),(56,'1.04.80@mail.ru','$2a$10$fq7ytJpETeRHd8f5XnH9z.1gAVWN8nr5K0EDC5NXefDziW.5vZqiK',NULL,NULL,NULL,6,'2014-11-17 13:42:59','2014-11-17 13:39:41','128.70.139.70','128.70.139.70','2014-10-13 08:54:26','2014-11-17 13:42:59','Алексей','ddffdd14308d8ba21ec6aecd3c01f83401cfc4d665d7d144d98a0924974bd34e','2014-10-13 09:01:02','2014-10-13 08:54:27',NULL,NULL,'Потапов',NULL,NULL,NULL,NULL,NULL,NULL,NULL,'Потап','potap','1980-04-01',NULL),(57,'k-sergey@mail.ru','$2a$10$gxRw4Pyp8UcSRAOLa4x9QuBZUOqrjqYbmyx4.7MIGFa2N7n3rUIs2',NULL,NULL,NULL,1,'2014-10-15 00:29:23','2014-10-15 00:29:23','109.233.225.254','109.233.225.254','2014-10-13 14:59:06','2014-10-15 00:29:23','Сергей','567696850d10f2848f42c6ca10c2feba07eb537688ac73702c09426f7bb6a086','2014-10-13 14:59:59','2014-10-13 14:59:07',NULL,NULL,'Клепфер',NULL,NULL,NULL,NULL,NULL,NULL,NULL,'ksergey','ksergey','1983-06-06',NULL),(58,'alinaino@ya.ru','$2a$10$ru6YuYeXhwGWW/0aakJCaOKi4lphLT1EQOEYCJfS3pJtsl2Z0U4la',NULL,NULL,'2014-10-14 10:30:40',2,'2014-10-22 12:16:04','2014-10-14 10:30:40','212.76.185.30','212.76.187.123','2014-10-14 10:08:05','2014-10-22 12:18:46','Алина','b78082911dfd8b0565f07abecf31027f971c51ce01b2a8eb161b0c2ed0927ae7','2014-10-22 12:18:46','2014-10-22 12:17:46','alinaino@alinaino.com','alina-9a20bd1755b408df742db868651479a0.jpg','Иноземцева',NULL,'','','Tyumen','','89129911212','','Алина Иноземцева','alina-inozemtseva','1989-05-18',1),(59,'doctor33@inbox.ru','$2a$10$m5sRluD6xAl31kVggOZtE.w99XpGN4HUDMeatfFh.RMU/kcDd.nWO','s1KD-d_aMoDwQGsAEZXk',NULL,NULL,6,'2014-11-19 12:51:39','2014-11-18 05:34:04','188.186.76.1','188.186.4.50','2014-10-14 18:02:32','2014-11-19 12:51:39','Сергей','e84daf41a77ed012a7465365012727a476e920f5299d27d8a944e8db277cee7b','2014-10-14 18:08:45','2014-10-14 18:02:32',NULL,NULL,'Фирцев',NULL,NULL,NULL,NULL,NULL,NULL,NULL,'Predsedatel','predsedatel','2014-04-23',NULL),(60,'miroana@mail.ru','$2a$10$zSEjY79Zm1es2EzaXETf6uVrDyKmQjO0Y3xrKlao2xHEnnG5raj1O',NULL,NULL,NULL,1,'2014-10-15 01:17:31','2014-10-15 01:17:31','188.186.20.8','188.186.20.8','2014-10-15 01:13:53','2014-10-15 01:17:31','Анастасия','9aff3ba3f5d92b3598c68d99ed2c0c6addbcd0455c10bb31ea42a7a9c685b6e7','2014-10-15 01:16:58','2014-10-15 01:13:53',NULL,NULL,'Миронова',NULL,NULL,NULL,NULL,NULL,NULL,NULL,'Анастасия','anastasiya','1983-07-05',NULL),(61,'pavlova_anna@inbox.ru','$2a$10$6oMWytK5XfeXUmKaQM1oauz3h3xrKxq0AJN60PaYLAHn2Y556ssDK',NULL,NULL,'2014-10-15 03:52:16',1,'2014-10-15 03:52:16','2014-10-15 03:52:16','31.163.84.42','31.163.84.42','2014-10-15 03:47:56','2014-10-15 03:52:16','Анна','7536b759fa270573774abbd1fe5a74dd7f281d89ccae408eab17a2516586f3a2','2014-10-15 03:52:12','2014-10-15 03:47:56',NULL,NULL,'Павлова',NULL,NULL,NULL,NULL,NULL,NULL,NULL,'Анна','anna','1983-03-15',3),(62,'timger27@mail.ru','$2a$10$YlqSug.RM4KPSM3hSXpEheH3tYihbzx6Tivfiya9GoYDHYPsmHj3i',NULL,NULL,NULL,2,'2014-10-16 06:31:17','2014-10-15 05:03:35','217.145.146.10','217.145.146.10','2014-10-15 05:01:57','2014-10-16 06:31:17','Тимофей','8ae1b04e2a71e47fa600786e60896b833dbc09c03d03b87d1143de5ae8533bbb','2014-10-15 05:03:23','2014-10-15 05:01:57',NULL,NULL,'Герасимов',NULL,NULL,NULL,NULL,NULL,NULL,NULL,'Timofei7','timofei7','1973-06-08',3),(63,'pmj@qip.ru','$2a$10$pbT9UFdS7x2q5gWg9bB57OdDYoHRVmxhbEwJ3cH72Ewd1V6NB0uAW',NULL,NULL,NULL,0,NULL,NULL,NULL,NULL,'2014-10-15 07:48:16','2014-10-15 15:40:31','Максим','5255db44a19b7792b1e7682e186f3d2ae501a90b2ecc2344f1253f32bae91836','2014-10-15 15:40:31','2014-10-15 07:48:16',NULL,NULL,'Поспелов',NULL,NULL,NULL,NULL,NULL,NULL,NULL,'PMJ','pmj','1969-05-05',NULL),(64,'morkt@mail.ru','$2a$10$2J8f3MoUVbBj3ATVQjZYgejihJ41Dt63c1yLXfCn7vqezX4grEFW6',NULL,NULL,NULL,6,'2014-11-19 15:25:44','2014-10-20 12:58:09','92.240.208.122','92.240.208.122','2014-10-15 14:26:19','2014-11-19 15:25:44','Anatoly','8183b37595e105dd2a811560d7f41bff0bf48b6a09531c9b582b590995030718','2014-10-15 14:26:58','2014-10-15 14:26:20',NULL,NULL,'Stepanov',NULL,NULL,NULL,NULL,NULL,NULL,NULL,'Morkt','morkt',NULL,2),(65,'olala-tm@mail.ru','$2a$10$IgFXeMFHFL9QCKEgO79niOhnJeH82eAtRKMTywv1TjZ/PC6IGRseq',NULL,NULL,'2014-11-07 07:11:01',21,'2014-11-19 17:52:46','2014-11-18 17:44:22','92.240.208.233','92.240.208.233','2014-10-16 09:56:27','2014-11-19 17:52:46','Ольга','e963c50292bf234e218b326ce92d44a4a1652855013c59d16b5dad0ec0503a7a','2014-10-16 09:56:49','2014-10-16 09:56:28',NULL,'________.jpg','Бобкова',NULL,'','','','','','','Olala','olala',NULL,4),(66,'gychka9416@mail.ru','$2a$10$BpggV6pQqt/V5eER5DDt1.FjRZYweyGJOzgTnmh94JBFU0UT64LwK',NULL,NULL,NULL,1,'2014-10-17 03:25:59','2014-10-17 03:25:59','176.214.238.162','176.214.238.162','2014-10-17 03:18:56','2014-10-17 03:34:06','Татьяна','edb1132f460621ebe03d6e36fa5bb68f4fd5424b160c69243480fdf376c8bc91','2014-10-17 03:25:54','2014-10-17 03:18:56',NULL,NULL,'Жукова',NULL,'Str. Rizhskayа 58-1','625023','Tyumen','RU','+79220420234','','Beatle','beatle','1994-06-08',1),(67,'liza.viva@mail.ru','$2a$10$SB/aGJGdYPVsdyBmU0uv5Ox4QrfK5ZCnYWlR18Z0pd/U9DnDlT83e',NULL,NULL,NULL,4,'2014-10-27 04:00:52','2014-10-23 06:25:34','83.149.34.171','83.149.37.50','2014-10-17 07:43:45','2014-10-27 04:00:53','Елизавета','5d7a46322f56c7926df12f3e66a84622ea6e4babd0040ce85548a5deb693bf05','2014-10-17 07:44:07','2014-10-17 07:43:45',NULL,'_MG_5241.JPG','Побединская',NULL,'','','','','','','Liza-Viktoria','liza-viktoria','1983-06-18',6),(68,'photo072@mail.ru','$2a$10$5KmHqE805rhMa6cCYZ1wbuK8Ug/NvOHgkG7RoqUCvA5sYc/om94aC',NULL,NULL,NULL,2,'2014-10-17 11:14:13','2014-10-17 10:02:19','178.46.156.88','178.46.156.88','2014-10-17 10:01:17','2014-10-17 14:52:04','Сергей','c67eead559d3e9ca576f19d18aa191ecdae05f8bea496e8bb1ce6fc909e67b02','2014-10-17 10:01:55','2014-10-17 10:01:17',NULL,'RUS_1666__1_.jpg','Русанов',NULL,'','','','','','','Никонов','nikonov','1972-10-06',6),(69,'klimerovaoa@yandex.ru','$2a$10$xoLbmXp51NwEFnd0OvTr9e4ZXsl.pmBbUWBj/R2TLaO3p0ZxQhNOK',NULL,NULL,NULL,0,NULL,NULL,NULL,NULL,'2014-10-19 09:21:57','2014-10-20 15:32:52','Oksana','7e2d1ee23877ff911f557fc9e3bd81252b6f7e0970382c072bec9c6f7725ce08','2014-10-20 00:53:44','2014-10-19 09:21:57',NULL,NULL,'Klimerova',NULL,NULL,NULL,NULL,NULL,NULL,NULL,'','-28e418a9-3dac-4274-9f16-6b41ea203a78','1981-09-10',NULL),(70,'skripinav@yandex.ru','$2a$10$CQknW4zagkqQSJEKBDO0MOtw9O9si9COICH9qcTKHyuZ836aqDUYi',NULL,NULL,'2014-11-13 09:23:05',9,'2014-11-19 11:28:12','2014-11-18 03:24:39','31.162.135.173','90.151.0.52','2014-10-24 10:54:06','2014-11-19 11:28:12','Алексей','d503dd57ceae9fdd0713df61d9c9f30a95ac804a600a28157dd24b7ce3452ba2','2014-10-24 10:55:52','2014-10-24 10:54:07',NULL,NULL,'Скрипин',NULL,NULL,NULL,NULL,NULL,NULL,NULL,'Skrip','skrip','1975-04-20',NULL),(71,'dk_photo@inbox.ru','$2a$10$72Pz1lhFi/wLnAHdMo9xee8zTKsG2WCncxZq6djPR9QM1fOrhzA0C',NULL,NULL,'2014-10-27 05:57:37',1,'2014-10-27 05:57:37','2014-10-27 05:57:37','176.214.249.136','176.214.249.136','2014-10-27 05:40:21','2014-10-27 05:57:37','Дмитрий','f4f8a5d2050d4282b5aae8aaeeed6735bb638715f9717e4e00f0dbb9e6232e80','2014-10-27 05:57:17','2014-10-27 05:40:22',NULL,NULL,'Котин',NULL,NULL,NULL,NULL,NULL,NULL,NULL,'Kotofot','kotofot','1982-04-27',NULL),(72,'ku4er_86@icloud.com','$2a$10$FNt2PUbOjHXYYyA21XHN5eBRS8SBambis/o0hs284.EIpJAfRFmMe','ziB-3ARoZnxNBa7eo6gS',NULL,NULL,1,'2014-11-07 04:43:00','2014-11-07 04:43:00','5.141.219.93','5.141.219.93','2014-10-27 11:02:02','2014-11-07 04:43:00','Кирилл','8d987602cdb8aa96b89724aa6532ff80843e1e682c678990e711fc41547c82c6','2014-11-07 04:41:32','2014-10-27 11:02:02',NULL,NULL,'Сыропятов',NULL,NULL,NULL,NULL,NULL,NULL,NULL,'Кирилл Кучер','kirill-kucher','1986-02-13',NULL),(73,'vpdyba@mail.ru','$2a$10$YrQEp5Pv7vFnD8wwVD3fLuGrbdEwOqVvygGZLz/WQPnPuiodQ2arq',NULL,NULL,'2014-10-28 03:19:32',1,'2014-10-28 03:19:32','2014-10-28 03:19:32','82.147.83.166','82.147.83.166','2014-10-28 03:08:52','2014-10-28 03:19:32','Valery','4c60fe8c0be3d9491b066dd168b1d13c1a8f334311a29a72cec7d064962cd554','2014-10-28 03:17:46','2014-10-28 03:08:52',NULL,NULL,'Dyba',NULL,NULL,NULL,NULL,NULL,NULL,NULL,'DanVidel','danvidel','1950-05-04',NULL),(76,'romka011090@gmail.com','$2a$10$Kai2ik30fI/Y4cCbnhUPFuhB6gxFRhsuPAjtBHMVBSOyFUqQ0ZoFu','e7ba9e500449e68141cfc29da0f5282f37ce1f4c44c0a52d84a1182becaeb7a0','2014-11-14 04:05:57',NULL,0,NULL,NULL,NULL,NULL,'2014-10-29 08:25:54','2014-11-14 04:05:57','Роман','a17d63c0b0850ff14bc69d8a5c738726cf4b7a3b56927fe711f304e39a5c38c3','2014-11-04 07:00:03','2014-10-29 08:25:55',NULL,NULL,'Волков',NULL,NULL,NULL,NULL,NULL,NULL,NULL,'RomanVolkov','romanvolkov','1990-10-01',NULL),(77,'ssa0176@mail.ru','$2a$10$eMQtbem4Px22S1TenBLP6OYvEJsrJwCT8LoIBdDCvRiG2k0MLIRP.',NULL,NULL,'2014-11-17 12:54:51',2,'2014-11-17 12:54:51','2014-10-29 15:18:00','91.211.195.198','171.25.253.81','2014-10-29 15:17:08','2014-11-17 12:54:51','Сергей','d7f2b8735954fed217887eee28d60b61ef3d9ff36781d9510149383b8b21c801','2014-10-29 15:17:43','2014-10-29 15:17:13',NULL,NULL,'Снигирев',NULL,NULL,NULL,NULL,NULL,NULL,NULL,'Джин','dzhin','1976-09-11',NULL),(78,'olesya_k@inbox.ru','$2a$10$G48ZXE0FrwYYYPLbHqrPj.BHxeWQgTf4PSJ1cGvAqlEjsGoMwBB4i','CPfiHZtf63K11zEHxiW-',NULL,NULL,1,'2014-10-29 16:25:38','2014-10-29 16:25:38','188.186.164.221','188.186.164.221','2014-10-29 16:02:19','2014-10-29 16:25:38','Олеся','d2ea32a9ef69117d2e2540af0ffa34ace11d5653bc8a07807722970ca330e126','2014-10-29 16:25:03','2014-10-29 16:02:24',NULL,NULL,'Ким',NULL,NULL,NULL,NULL,NULL,NULL,NULL,'Lesya','lesya','1981-12-06',NULL),(81,'radchuk@me.com','$2a$10$lsFmXzjQgt/zv28wcFdxK.xJf8e5Rts5jNS8zeBGnUBbaM7bnyQKu',NULL,NULL,'2014-10-30 06:17:39',1,'2014-10-30 06:17:39','2014-10-30 06:17:39','176.214.246.109','176.214.246.109','2014-10-30 06:11:38','2014-10-30 06:17:39','Рома','55815fcf6677c180d6a9d6c27f9591c084c448b1f38b9aa09c8d6a31a38a706f','2014-10-30 06:17:22','2014-10-30 06:11:38',NULL,NULL,'Радчук',NULL,NULL,NULL,NULL,NULL,NULL,NULL,'i_rtwo','i_rtwo','1991-02-12',NULL),(82,'kot08shmel@gmail.com','$2a$10$DzeTV5LKuvGjuR/5ER1KdOwClFHg7my4dxAQ7nHw/u9g4JD7U1.ja',NULL,NULL,NULL,0,NULL,NULL,NULL,NULL,'2014-10-30 07:37:00','2014-10-30 07:37:00','Константин ','abe663cb29e0ba90f05d861029e782347353db6731e0ca1e264b3f71fb859c38',NULL,'2014-10-30 07:37:00',NULL,NULL,'Шмелев',NULL,NULL,NULL,NULL,NULL,NULL,NULL,'drop','drop','1995-02-21',NULL),(86,'p.s.vladi@mail.ru','$2a$10$0f6vEFqVZXoYx11GWLv48O/CMQ/Vu6O951/WwmzqXFQqYXnvUVJf2',NULL,NULL,'2014-10-31 06:02:41',2,'2014-10-31 06:19:48','2014-10-31 06:02:41','178.72.89.252','178.72.89.252','2014-10-31 06:00:50','2014-10-31 06:19:48','Влада','980faf0e928259e10bfa3633196398a8a501fdecbf5131258ebf38392fa9bc3a','2014-10-31 06:02:01','2014-10-31 06:00:50',NULL,NULL,'Сманова',NULL,NULL,NULL,NULL,NULL,NULL,NULL,' Smanova','smanova','1992-12-04',NULL),(87,'zaleks@nm.ru','$2a$10$6vsUJEhCvNPy/LTW23dnBOGITVjFv55pDN6OjU3RgLT1Dx1l1Qqca',NULL,NULL,NULL,1,'2014-11-06 14:37:40','2014-11-06 14:37:40','109.105.176.72','109.105.176.72','2014-10-31 06:17:49','2014-11-06 14:37:54','Александр','545e3df090876cb93688dc30ad033c8a823cf28d3783a28c9eaa5d137e8f3fbd','2014-11-06 14:37:54','2014-10-31 06:17:49',NULL,NULL,'Зернов',NULL,NULL,NULL,NULL,NULL,NULL,NULL,'Snapshoter','snapshoter',NULL,NULL),(88,'chetire@list.ru','$2a$10$QDGWOYyUG54iPPUCfAmXkOTSc4TMTvthlXNb/qEc2DYqAKIMH17P6',NULL,NULL,'2014-11-02 09:05:13',2,'2014-11-13 14:35:24','2014-11-02 09:05:13','89.204.94.163','31.163.82.106','2014-11-02 03:21:06','2014-11-13 14:35:24','Ирина','1e553bcc2bcc8178096c5656c8831cd485407fee9e4137beed634f7f4be38232','2014-11-02 09:03:31','2014-11-02 03:21:13',NULL,NULL,'Тюльнева',NULL,NULL,NULL,NULL,NULL,NULL,NULL,'tirinas','tirinas',NULL,NULL),(90,'dorovskikhma@ya.ru','$2a$10$txNBbhXyApkbx9og2tP56OIAhhJ5BXlUknp07SjgKgvY49KRc/wr.',NULL,NULL,NULL,9,'2014-11-19 08:54:05','2014-11-19 08:35:45','213.87.240.128','213.87.249.47','2014-11-03 02:27:47','2014-11-19 08:54:05','марина','bab3a1ad10841e391b0b12298388658c1c6122b4047582f3e2eae75d0a403d5a','2014-11-06 13:37:21','2014-11-03 03:27:05',NULL,NULL,'доровских',NULL,NULL,NULL,NULL,NULL,NULL,NULL,'дом','dom','1965-01-21',20),(91,'740036@mail.ru','$2a$10$ut8qKPhe/TuCMvkN82vrEuFfdptzwhqHl0kS6z8hkVB0GxLER7qj.',NULL,NULL,NULL,1,'2014-11-03 14:08:46','2014-11-03 14:08:46','5.141.238.148','5.141.238.148','2014-11-03 14:01:48','2014-11-03 14:14:04',' Александр','f7b439bcc252af547420ff773d0dcb1569bbfc473c8f0064d02fcf125729d462','2014-11-03 14:07:43','2014-11-03 14:01:55',NULL,NULL,'Кошелев',NULL,NULL,NULL,NULL,NULL,NULL,NULL,'Aleksandr 48','aleksandr-48',NULL,NULL),(92,'a.pyatiloff@gmail.com','$2a$10$qrBKZFzMfJRuudDEPYtKte2kSPC5F7F3v0TzhifUQnXMkNpZCmleu',NULL,NULL,'2014-11-15 18:20:37',8,'2014-11-19 05:34:33','2014-11-18 15:40:56','5.199.202.153','5.199.202.153','2014-11-04 18:32:34','2014-11-19 05:34:33','Андрей','287cf3a10ef6286c9961ebe7b61f5b192798428982370879a69eda3c32be2954','2014-11-04 18:33:24','2014-11-04 18:32:34',NULL,'GOPR0408.MP4_snapshot_01.17__2014.06.23_06.00.22_.jpg','Пятилов',NULL,'Roschinskaya st. 41-125','620023','Ekaterinburg','RU','+79655177117','','tkaga','tkaga','1985-10-04',3),(94,'psb_gutenko@mail.ru','$2a$10$9sPvwuWJpowgZor8aDpi6OqDxGqIGMPiCIpxx9t/jHi3wTqbB8uqS',NULL,NULL,'2014-11-05 14:51:46',3,'2014-11-09 02:13:43','2014-11-09 01:54:32','188.186.23.57','188.186.23.57','2014-11-05 14:49:17','2014-11-09 02:13:43','Егор ','025205586b9b171b956a8fbc5a74df9c119479cea0d8fe21cc2d6d36cd92f7a5','2014-11-05 14:51:15','2014-11-05 14:49:18',NULL,'image.jpg','Гутенко ',NULL,'','','','','','','Fedot','fedot','1983-09-28',NULL),(98,'madam.pelymsckaya@yandex.ru','$2a$10$CXGeEK0CoG/GF7ZxCjb5ZeQq6EDnXUjr7NymxaHunzzTsSEkcdnX2',NULL,NULL,NULL,3,'2014-11-12 16:09:52','2014-11-07 11:09:34','92.240.208.24','92.240.208.24','2014-11-06 14:24:19','2014-11-12 16:09:52','Марина','94f8c720cf2ce6d50d4118105f14c219fb466798be7c372d030cdc9e4f220b65','2014-11-06 14:24:53','2014-11-06 14:24:19',NULL,NULL,'Пелымская',NULL,NULL,NULL,NULL,NULL,NULL,NULL,'Maricha','maricha-31e72a2f-6beb-4b1a-8043-91959f401db2','1978-12-25',1),(99,'frolov_n_m@mail.ru','$2a$10$yWeQvz1120x.jozpEq2Yfe6Z/HPtvjU31V13WqaWE68NAfc/8sdkO',NULL,NULL,NULL,2,'2014-11-13 21:30:45','2014-11-11 06:50:57','213.87.240.22','188.186.160.223','2014-11-11 06:49:53','2014-11-13 21:30:45','Николай','16e9bb520612c6b5d5765a45ccdc5852e1c23268c8dafed5c1f0b4bb3021d437','2014-11-11 06:50:37','2014-11-11 06:49:54',NULL,NULL,'Фролов',NULL,NULL,NULL,NULL,NULL,NULL,NULL,'Nikolas_Blake','nikolas_blake','1989-12-30',NULL),(100,'lyu7399@yandex.ru','$2a$10$rrZ9kvNWkxxeI1U3RrsIiOfEf26YvN3EuMt5F1IoryD9tEKTuqEZK',NULL,NULL,NULL,13,'2014-11-20 01:17:31','2014-11-19 07:07:18','217.145.153.154','217.145.153.154','2014-11-13 01:16:16','2014-11-20 01:17:31','Людмила','2fd5fc673ffe8b2c65c57e8c54070c57c79feda62a1eb2c369fab65255c3de67','2014-11-13 01:17:30','2014-11-13 01:16:24',NULL,'Ru_Liudmila_Grinfeld_B.jpg','Гринфельд',NULL,'50 let VLKSM,19','625000','Tyumen ','RU','+79129941223','','Ludwig','ludwig','1967-12-17',12),(101,'juliet1982@yandex.ru','$2a$10$HHzjDd79RsHEdtxeCzxnHOG7A2R0mlB8QClzTcT5dbwF7y8bd1z72',NULL,NULL,'2014-11-17 07:56:57',1,'2014-11-17 07:56:57','2014-11-17 07:56:57','89.250.226.239','89.250.226.239','2014-11-17 07:56:41','2014-11-17 07:56:57','Юлия','fbbaa397d930322618e8ec93061cf368437f33f75d14b0f3e15cb5f4daa1b183','2014-11-17 07:56:54','2014-11-17 07:56:42',NULL,NULL,'Ростовщикова',NULL,NULL,NULL,NULL,NULL,NULL,NULL,'farry232','farry232','1982-05-03',NULL),(102,'kiss721@yandex.ru','$2a$10$Rho07F5DDuofxjHPK8fQ2ukqDX6.GKS6ux1Hcrkf8M3xYxmQx.L3S',NULL,NULL,NULL,0,NULL,NULL,NULL,NULL,'2014-11-17 10:53:23','2014-11-18 12:17:37','Сергей','f039d37c68ce7b1ae004fe61595f1df851543c5f1daa88555edbc65308806f85','2014-11-18 12:17:37','2014-11-18 01:36:08','kiss721@yandex.ru',NULL,'Киселев',NULL,NULL,NULL,NULL,NULL,NULL,NULL,'','-ff005007-0212-4362-9307-e513a590d96b','1910-07-10',NULL),(103,'fotofil.ugra@gmail.com','$2a$10$rCN2p1hqZe6Npz77gGKlPetfLSDcSgH6uPCUO/qSwJEc1zTmS4Gl6',NULL,NULL,NULL,0,NULL,NULL,NULL,NULL,'2014-11-17 12:32:44','2014-11-17 12:32:44','Вадим','9329017138c4cfdc5b00acd3f2a92ea011c23a879dc35a4430c19087de7931c8',NULL,'2014-11-17 12:32:45',NULL,NULL,'Першин',NULL,NULL,NULL,NULL,NULL,NULL,NULL,'Fotofil','fotofil','1968-10-03',NULL),(104,'romanov_tymen@mail.ru','$2a$10$ssCtQ/gmqfv3h5f933JAXu7LFRh9xl9HhgFLwPAxg21McSMCrKlEC',NULL,NULL,'2014-11-18 14:29:39',1,'2014-11-18 14:29:39','2014-11-18 14:29:39','195.191.130.41','195.191.130.41','2014-11-18 14:27:23','2014-11-18 14:29:39','Александр','230cc055c4d649b147221f7cb4a192ed2e8f90b38339cb6ddef61ad035854cc6','2014-11-18 14:29:01','2014-11-18 14:27:24',NULL,NULL,'Романов',NULL,NULL,NULL,NULL,NULL,NULL,NULL,'Шрайбикус','shraybikus','1972-01-26',NULL),(105,'pfefilov@bk.ru','$2a$10$ZPD480L2ySvFPFTiczGoIuVAajkIkQopbRXxA0bFj3HXBmFcUCZvu',NULL,NULL,'2014-11-19 05:19:09',1,'2014-11-19 05:19:09','2014-11-19 05:19:09','5.140.235.192','5.140.235.192','2014-11-19 05:14:57','2014-11-19 12:11:00','Вера','5e96a663659780aeaac555ac1a71a5e66793b82981231bf46aab7c6c061d47f6','2014-11-19 10:17:37','2014-11-19 05:18:14',NULL,'image.jpeg','Фефилова',NULL,'г.Сургут,ул.Чехова,д.7,кв.146','628415','Сургут','RU','89044725825','','Vera','vera','1958-08-04',5),(106,'hmiodrag@gmail.com','$2a$10$VlC195f8w2NO5RXpGDclyuspUsM2LlHoy7JGZCO3n7m4sFjiPCVp.',NULL,NULL,NULL,1,'2014-11-19 13:00:32','2014-11-19 13:00:32','178.221.12.154','178.221.12.154','2014-11-19 12:16:30','2014-11-19 13:00:32','Hadzi Miodrag','b2d5b9a648e5e8a7e1ec6d72e928bf7054a0f356dd6acebe44acd417e469aa8d','2014-11-19 12:27:34','2014-11-19 12:16:34',NULL,NULL,'Miladinovic',NULL,NULL,NULL,NULL,NULL,NULL,NULL,'hmiodrag','hmiodrag','1957-02-01',NULL),(107,'ko9@mailinator.com','$2a$10$x42Dv/N573fRreTPA9q/A.C//QyFZW6EMtFtEZKLJ11gj8Fg18mGC',NULL,NULL,NULL,0,NULL,NULL,NULL,NULL,'2014-11-19 14:43:47','2014-11-19 14:43:47','test','bfc76902a82cf4a55acb32f88f4eb9d174017c4c8a4770b5b74cb21de75b068f',NULL,'2014-11-19 14:43:47',NULL,NULL,'t',NULL,NULL,NULL,NULL,NULL,NULL,NULL,'test222','test222','2014-11-07',NULL);
/*!40000 ALTER TABLE `users` ENABLE KEYS */;
UNLOCK TABLES;

--
-- Table structure for table `users_roles`
--

DROP TABLE IF EXISTS `users_roles`;
/*!40101 SET @saved_cs_client     = @@character_set_client */;
/*!40101 SET character_set_client = utf8 */;
CREATE TABLE `users_roles` (
  `user_id` int(11) DEFAULT NULL,
  `role_id` int(11) DEFAULT NULL,
  KEY `index_users_roles_on_user_id_and_role_id` (`user_id`,`role_id`)
) ENGINE=InnoDB DEFAULT CHARSET=utf8;
/*!40101 SET character_set_client = @saved_cs_client */;

--
-- Dumping data for table `users_roles`
--

LOCK TABLES `users_roles` WRITE;
/*!40000 ALTER TABLE `users_roles` DISABLE KEYS */;
INSERT INTO `users_roles` VALUES (1,1),(1,2),(1,3),(1,4),(6,1),(6,2),(6,3),(6,4),(7,3),(7,4),(12,3),(12,4),(13,3),(13,4),(14,3),(15,3),(15,4),(16,3),(17,3),(19,3),(20,2),(20,3),(20,4),(22,3),(23,3),(23,4),(24,3),(25,3),(28,3),(29,3),(29,4),(30,3),(31,3),(32,3),(33,3),(33,4),(34,3),(35,3),(40,3),(40,4),(41,3),(42,3),(43,3),(45,3),(46,3),(47,3),(48,3),(49,3),(50,3),(51,3),(53,5),(54,5),(56,3),(57,3),(58,3),(59,2),(59,3),(59,4),(60,3),(61,5),(62,3),(63,3),(63,5),(64,3),(64,4),(65,3),(66,3),(66,5),(67,3),(67,5),(68,3),(69,5),(70,5),(71,5),(73,3),(73,4),(73,6),(77,3),(78,3),(78,5),(94,5),(102,4),(102,6),(104,3),(104,4),(106,6),(106,7);
/*!40000 ALTER TABLE `users_roles` ENABLE KEYS */;
UNLOCK TABLES;
/*!40103 SET TIME_ZONE=@OLD_TIME_ZONE */;

/*!40101 SET SQL_MODE=@OLD_SQL_MODE */;
/*!40014 SET FOREIGN_KEY_CHECKS=@OLD_FOREIGN_KEY_CHECKS */;
/*!40014 SET UNIQUE_CHECKS=@OLD_UNIQUE_CHECKS */;
/*!40101 SET CHARACTER_SET_CLIENT=@OLD_CHARACTER_SET_CLIENT */;
/*!40101 SET CHARACTER_SET_RESULTS=@OLD_CHARACTER_SET_RESULTS */;
/*!40101 SET COLLATION_CONNECTION=@OLD_COLLATION_CONNECTION */;
/*!40111 SET SQL_NOTES=@OLD_SQL_NOTES */;

-- Dump completed on 2014-11-20 10:44:07
